{"impEvent":"","obj":[{"objID":{"instanceID":14260},"position":{"x":-3.73903226852417,"y":-3.5762786865234377e-7,"z":28.88499641418457},"rotation":{"x":0.0,"y":0.9999862313270569,"z":0.0,"w":0.005261681973934174}},{"objID":{"instanceID":14260},"position":{"x":-3.73903226852417,"y":-3.5762786865234377e-7,"z":28.88499641418457},"rotation":{"x":0.0,"y":0.9999862313270569,"z":0.0,"w":0.005261681973934174}}]}