{"impEvent":"","obj":[{"objID":{"instanceID":14260},"position":{"x":-3.7199769020080568,"y":-1.7881393432617188e-7,"z":29.996313095092775},"rotation":{"x":0.0,"y":0.9999954104423523,"z":0.0,"w":0.003032768378034234}},{"objID":{"instanceID":14260},"position":{"x":-3.7199769020080568,"y":-1.7881393432617188e-7,"z":29.996313095092775},"rotation":{"x":0.0,"y":0.9999954104423523,"z":0.0,"w":0.003032768378034234}}]}