{"impEvent":"","obj":[{"objID":{"instanceID":14260},"position":{"x":-3.744002103805542,"y":5.960464477539063e-8,"z":29.992746353149415},"rotation":{"x":0.0,"y":0.999983549118042,"z":0.0,"w":0.005737652070820332}},{"objID":{"instanceID":14260},"position":{"x":-3.744002103805542,"y":5.960464477539063e-8,"z":29.992746353149415},"rotation":{"x":0.0,"y":0.999983549118042,"z":0.0,"w":0.005737652070820332}}]}