{"impEvent":"","obj":[{"objID":{"instanceID":14260},"position":{"x":-3.7455999851226808,"y":-3.5762786865234377e-7,"z":29.509082794189454},"rotation":{"x":0.0,"y":0.9999862313270569,"z":0.0,"w":0.005261681973934174}},{"objID":{"instanceID":14260},"position":{"x":-3.7455999851226808,"y":-3.5762786865234377e-7,"z":29.509082794189454},"rotation":{"x":0.0,"y":0.9999862313270569,"z":0.0,"w":0.005261681973934174}}]}