{"impEvent":"","obj":[{"objID":{"instanceID":14260},"position":{"x":-3.7505879402160646,"y":-1.7881393432617188e-7,"z":29.990259170532228},"rotation":{"x":0.0,"y":0.9999860525131226,"z":0.0,"w":0.00529208080843091}},{"objID":{"instanceID":14260},"position":{"x":-3.7505879402160646,"y":-1.7881393432617188e-7,"z":29.990259170532228},"rotation":{"x":0.0,"y":0.9999860525131226,"z":0.0,"w":0.00529208080843091}}]}