{"obj":[{"objID":{"instanceID":-15084},"objName":"CompleteTank 2","position":{"x":-3.649543046951294,"y":-7.748603820800781e-7,"z":19.67671012878418},"rotation":{"x":0.0,"y":0.9104836583137512,"z":0.0,"w":0.4135451316833496}},{"objID":{"instanceID":23038},"objName":"CompleteTank 1","position":{"x":-1.636897087097168,"y":0.0,"z":19.884279251098634},"rotation":{"x":0.0,"y":0.9095637202262878,"z":0.0,"w":0.41556447744369509}},{"objID":{"instanceID":23120},"objName":"Cube","position":{"x":-14.046218872070313,"y":2.4201626777648927,"z":20.608150482177736},"rotation":{"x":0.0,"y":0.0,"z":0.0,"w":1.0}}]}