{"obj":[{"objID":{"instanceID":-1228},"objName":"CompleteTank 2","position":{"x":-3.6224615573883058,"y":-1.7881393432617188e-7,"z":23.657329559326173},"rotation":{"x":0.0,"y":0.9967129826545715,"z":0.0,"w":0.08101442456245423}},{"objID":{"instanceID":14518},"objName":"CompleteTank 1","position":{"x":-2.1079823970794679,"y":-1.1920928955078126e-7,"z":23.677242279052736},"rotation":{"x":0.0,"y":0.9966223835945129,"z":0.0,"w":0.08212113380432129}},{"objID":{"instanceID":14600},"objName":"Cube","position":{"x":-14.046218872070313,"y":2.4201626777648927,"z":20.608150482177736},"rotation":{"x":0.0,"y":0.0,"z":0.0,"w":1.0}}]}