{"obj":[{"objID":{"instanceID":-15084},"objName":"CompleteTank 2","position":{"x":-3.5147058963775636,"y":-1.7881393432617188e-7,"z":19.8830623626709},"rotation":{"x":0.0,"y":0.981503427028656,"z":0.0,"w":0.19144457578659059}},{"objID":{"instanceID":23038},"objName":"CompleteTank 1","position":{"x":-1.9148244857788087,"y":-5.960464477539063e-8,"z":19.913625717163087},"rotation":{"x":0.0,"y":0.9813600182533264,"z":0.0,"w":0.1921783983707428}},{"objID":{"instanceID":23120},"objName":"Cube","position":{"x":-14.046218872070313,"y":2.4201626777648927,"z":20.608150482177736},"rotation":{"x":0.0,"y":0.0,"z":0.0,"w":1.0}}]}