{"obj":[{"objID":{"instanceID":-15084},"objName":"CompleteTank 2","position":{"x":-3.5176796913146974,"y":-4.172325134277344e-7,"z":19.763214111328126},"rotation":{"x":0.0,"y":0.9634349942207336,"z":0.0,"w":0.2679424285888672}},{"objID":{"instanceID":23038},"objName":"CompleteTank 1","position":{"x":-1.8113688230514527,"y":5.960464477539063e-8,"z":19.824146270751954},"rotation":{"x":0.0,"y":0.9624094367027283,"z":0.0,"w":0.27160272002220156}},{"objID":{"instanceID":23120},"objName":"Cube","position":{"x":-14.046218872070313,"y":2.4201626777648927,"z":20.608150482177736},"rotation":{"x":0.0,"y":0.0,"z":0.0,"w":1.0}}]}