{"obj":[{"objID":{"instanceID":-1228},"objName":"CompleteTank 2","position":{"x":-4.038333892822266,"y":-0.0000017285346984863282,"z":31.851877212524415},"rotation":{"x":0.0,"y":-0.2700181305408478,"z":0.0,"w":-0.9628552198410034}},{"objID":{"instanceID":14518},"objName":"CompleteTank 1","position":{"x":-1.914830207824707,"y":-2.980232238769531e-7,"z":31.83576202392578},"rotation":{"x":0.0,"y":-0.26638492941856387,"z":0.0,"w":-0.9638668298721314}},{"objID":{"instanceID":14600},"objName":"Cube","position":{"x":-14.046218872070313,"y":2.4201626777648927,"z":20.608150482177736},"rotation":{"x":0.0,"y":0.0,"z":0.0,"w":1.0}}]}