{"obj":[{"objID":{"instanceID":-15084},"objName":"CompleteTank 2","position":{"x":-3.695110321044922,"y":-3.5762786865234377e-7,"z":24.711421966552736},"rotation":{"x":0.0,"y":0.9999862313270569,"z":0.0,"w":0.005261681973934174}},{"objID":{"instanceID":23038},"objName":"CompleteTank 1","position":{"x":-2.1885852813720705,"y":-2.384185791015625e-7,"z":24.731502532958986},"rotation":{"x":0.0,"y":0.9999834299087524,"z":0.0,"w":0.005764893721789122}},{"objID":{"instanceID":23120},"objName":"Cube","position":{"x":-14.046218872070313,"y":2.4201626777648927,"z":20.608150482177736},"rotation":{"x":0.0,"y":0.0,"z":0.0,"w":1.0}}]}