{"obj":[{"objID":{"instanceID":-15084},"objName":"CompleteTank 2","position":{"x":-3.651019811630249,"y":-1.1920928955078126e-7,"z":21.16200828552246},"rotation":{"x":0.0,"y":0.9997484087944031,"z":0.0,"w":0.02243233472108841}},{"objID":{"instanceID":23038},"objName":"CompleteTank 1","position":{"x":-2.140923261642456,"y":-5.960464477539063e-8,"z":21.1821231842041},"rotation":{"x":0.0,"y":0.9997369647026062,"z":0.0,"w":0.022935237735509874}},{"objID":{"instanceID":23120},"objName":"Cube","position":{"x":-14.046218872070313,"y":2.4201626777648927,"z":20.608150482177736},"rotation":{"x":0.0,"y":0.0,"z":0.0,"w":1.0}}]}