{"obj":[{"objID":{"instanceID":-15084},"objName":"CompleteTank 2","position":{"x":-3.5846784114837648,"y":-3.5762786865234377e-7,"z":20.341083526611329},"rotation":{"x":0.0,"y":0.9962848424911499,"z":0.0,"w":0.08611983060836792}},{"objID":{"instanceID":23038},"objName":"CompleteTank 1","position":{"x":-2.0683300495147707,"y":-5.960464477539063e-8,"z":20.36123275756836},"rotation":{"x":0.0,"y":0.99619060754776,"z":0.0,"w":0.0872025117278099}},{"objID":{"instanceID":23120},"objName":"Cube","position":{"x":-14.046218872070313,"y":2.4201626777648927,"z":20.608150482177736},"rotation":{"x":0.0,"y":0.0,"z":0.0,"w":1.0}}]}