{"obj":[{"objID":{"instanceID":-15084},"objName":"CompleteTank 2","position":{"x":-4.795323848724365,"y":-7.152557373046875e-7,"z":21.41765022277832},"rotation":{"x":0.0,"y":-0.282894104719162,"z":0.0,"w":0.9591511487960815}},{"objID":{"instanceID":23038},"objName":"CompleteTank 1","position":{"x":-2.6903727054595949,"y":-1.7881393432617188e-7,"z":21.65988540649414},"rotation":{"x":0.0,"y":-0.2846825122833252,"z":0.0,"w":0.9586219191551209}},{"objID":{"instanceID":23120},"objName":"Cube","position":{"x":-14.046218872070313,"y":2.4201626777648927,"z":20.608150482177736},"rotation":{"x":0.0,"y":0.0,"z":0.0,"w":1.0}}]}