{"obj":[{"objID":{"instanceID":-1228},"objName":"CompleteTank 2","position":{"x":-3.889491319656372,"y":-7.152557373046875e-7,"z":18.861614227294923},"rotation":{"x":0.0,"y":0.12795548141002656,"z":0.0,"w":0.9917799830436707}},{"objID":{"instanceID":14518},"objName":"CompleteTank 1","position":{"x":-1.779218316078186,"y":-6.556510925292969e-7,"z":19.107540130615236},"rotation":{"x":0.0,"y":0.12601937353610993,"z":0.0,"w":0.9920278191566467}},{"objID":{"instanceID":14600},"objName":"Cube","position":{"x":-14.046218872070313,"y":2.4201626777648927,"z":20.608150482177736},"rotation":{"x":0.0,"y":0.0,"z":0.0,"w":1.0}}]}