{"obj":[{"objID":{"instanceID":-1228},"objName":"CompleteTank 2","position":{"x":-3.6495773792266847,"y":-5.364418029785156e-7,"z":18.976028442382814},"rotation":{"x":0.0,"y":0.9709175825119019,"z":0.0,"w":0.2394140362739563}},{"objID":{"instanceID":14518},"objName":"CompleteTank 1","position":{"x":-1.9905637502670289,"y":-2.980232238769531e-7,"z":19.02248191833496},"rotation":{"x":0.0,"y":0.9707481265068054,"z":0.0,"w":0.24010038375854493}},{"objID":{"instanceID":14600},"objName":"Cube","position":{"x":-14.046218872070313,"y":2.4201626777648927,"z":20.608150482177736},"rotation":{"x":0.0,"y":0.0,"z":0.0,"w":1.0}}]}