{"obj":[{"objID":{"instanceID":-1228},"objName":"CompleteTank 2","position":{"x":-3.9441888332366945,"y":-8.940696716308594e-7,"z":31.84684181213379},"rotation":{"x":0.0,"y":0.9388468861579895,"z":0.0,"w":-0.3443349003791809}},{"objID":{"instanceID":14518},"objName":"CompleteTank 1","position":{"x":-2.0105040073394777,"y":-5.960464477539063e-8,"z":31.839706420898439},"rotation":{"x":0.0,"y":0.9391536712646484,"z":0.0,"w":-0.34349727630615237}},{"objID":{"instanceID":14600},"objName":"Cube","position":{"x":-14.046218872070313,"y":2.4201626777648927,"z":20.608150482177736},"rotation":{"x":0.0,"y":0.0,"z":0.0,"w":1.0}}]}