{"obj":[{"objID":{"instanceID":-1228},"objName":"CompleteTank 2","position":{"x":-3.7470364570617677,"y":-3.5762786865234377e-7,"z":31.797483444213868},"rotation":{"x":0.0,"y":0.9961298108100891,"z":0.0,"w":-0.08789469301700592}},{"objID":{"instanceID":14518},"objName":"CompleteTank 1","position":{"x":-2.223902463912964,"y":-2.384185791015625e-7,"z":31.813913345336915},"rotation":{"x":0.0,"y":0.9962358474731445,"z":0.0,"w":-0.0866846963763237}},{"objID":{"instanceID":14600},"objName":"Cube","position":{"x":-14.046218872070313,"y":2.4201626777648927,"z":20.608150482177736},"rotation":{"x":0.0,"y":0.0,"z":0.0,"w":1.0}}]}