{"obj":[{"objID":{"instanceID":-15084},"objName":"CompleteTank 2","position":{"x":-3.6940622329711916,"y":-7.748603820800781e-7,"z":19.657270431518556},"rotation":{"x":0.0,"y":0.3285367488861084,"z":0.0,"w":0.9444912075996399}},{"objID":{"instanceID":23038},"objName":"CompleteTank 1","position":{"x":-1.5825791358947755,"y":-5.960464477539063e-8,"z":19.903636932373048},"rotation":{"x":0.0,"y":0.3267647624015808,"z":0.0,"w":0.9451057314872742}},{"objID":{"instanceID":23120},"objName":"Cube","position":{"x":-14.046218872070313,"y":2.4201626777648927,"z":20.608150482177736},"rotation":{"x":0.0,"y":0.0,"z":0.0,"w":1.0}}]}