{"obj":[{"objID":{"instanceID":-15084},"objName":"CompleteTank 2","position":{"x":-10.4028959274292,"y":-0.0000013113021850585938,"z":30.5674991607666},"rotation":{"x":0.0,"y":-0.4995131194591522,"z":0.0,"w":0.8663063645362854}},{"objID":{"instanceID":23038},"objName":"CompleteTank 1","position":{"x":-9.202622413635254,"y":0.0,"z":31.834632873535158},"rotation":{"x":0.0,"y":-0.44375765323638918,"z":0.0,"w":0.896146833896637}},{"objID":{"instanceID":23120},"objName":"Cube","position":{"x":-14.046218872070313,"y":2.4201626777648927,"z":20.608150482177736},"rotation":{"x":0.0,"y":0.0,"z":0.0,"w":1.0}}]}