{"obj":[{"objID":{"instanceID":-15084},"objName":"CompleteTank 2","position":{"x":-4.546436786651611,"y":-7.152557373046875e-7,"z":21.032428741455079},"rotation":{"x":0.0,"y":-0.282894104719162,"z":0.0,"w":0.9591511487960815}},{"objID":{"instanceID":23038},"objName":"CompleteTank 1","position":{"x":-2.440049648284912,"y":-1.7881393432617188e-7,"z":21.27559471130371},"rotation":{"x":0.0,"y":-0.2846829295158386,"z":0.0,"w":0.9586217999458313}},{"objID":{"instanceID":23120},"objName":"Cube","position":{"x":-14.046218872070313,"y":2.4201626777648927,"z":20.608150482177736},"rotation":{"x":0.0,"y":0.0,"z":0.0,"w":1.0}}]}