{"obj":[{"objID":{"instanceID":-15084},"objName":"CompleteTank 2","position":{"x":-3.6863644123077394,"y":-8.344650268554688e-7,"z":19.65744400024414},"rotation":{"x":0.0,"y":0.7408289313316345,"z":0.0,"w":0.6716938018798828}},{"objID":{"instanceID":23038},"objName":"CompleteTank 1","position":{"x":-1.5893324613571168,"y":-5.960464477539063e-8,"z":19.90321922302246},"rotation":{"x":0.0,"y":0.7396380305290222,"z":0.0,"w":0.6730049252510071}},{"objID":{"instanceID":23120},"objName":"Cube","position":{"x":-14.046218872070313,"y":2.4201626777648927,"z":20.608150482177736},"rotation":{"x":0.0,"y":0.0,"z":0.0,"w":1.0}}]}