{"obj":[{"objID":{"instanceID":-15084},"objName":"CompleteTank 2","position":{"x":-3.6984314918518068,"y":-6.556510925292969e-7,"z":19.668071746826173},"rotation":{"x":0.0,"y":-0.20727677643299104,"z":0.0,"w":0.9782823324203491}},{"objID":{"instanceID":23038},"objName":"CompleteTank 1","position":{"x":-1.5869561433792115,"y":-2.384185791015625e-7,"z":19.914419174194337},"rotation":{"x":0.0,"y":-0.20910263061523438,"z":0.0,"w":0.9778937697410584}},{"objID":{"instanceID":23120},"objName":"Cube","position":{"x":-14.046218872070313,"y":2.4201626777648927,"z":20.608150482177736},"rotation":{"x":0.0,"y":0.0,"z":0.0,"w":1.0}}]}