{"obj":[{"objID":{"instanceID":-1228},"objName":"CompleteTank 2","position":{"x":-3.6438119411468508,"y":1.1920928955078126e-7,"z":19.885408401489259},"rotation":{"x":0.0,"y":0.9999521970748901,"z":0.0,"w":0.009775729849934578}},{"objID":{"instanceID":14518},"objName":"CompleteTank 1","position":{"x":-2.1324288845062258,"y":-2.980232238769531e-7,"z":19.90553092956543},"rotation":{"x":0.0,"y":0.9999472498893738,"z":0.0,"w":0.010278739966452122}},{"objID":{"instanceID":14600},"objName":"Cube","position":{"x":-14.046218872070313,"y":2.4201626777648927,"z":20.608150482177736},"rotation":{"x":0.0,"y":0.0,"z":0.0,"w":1.0}}]}