{"obj":[{"objID":{"instanceID":-1228},"objName":"CompleteTank 2","position":{"x":-3.801486015319824,"y":-8.940696716308594e-7,"z":31.836965560913087},"rotation":{"x":0.0,"y":0.9765214323997498,"z":0.0,"w":-0.21542046964168549}},{"objID":{"instanceID":14518},"objName":"CompleteTank 1","position":{"x":-2.153229236602783,"y":1.7881393432617188e-7,"z":31.85024642944336},"rotation":{"x":0.0,"y":0.9765819311141968,"z":0.0,"w":-0.21514564752578736}},{"objID":{"instanceID":14600},"objName":"Cube","position":{"x":-14.046218872070313,"y":2.4201626777648927,"z":20.608150482177736},"rotation":{"x":0.0,"y":0.0,"z":0.0,"w":1.0}}]}