{"obj":[{"objID":{"instanceID":-1228},"objName":"CompleteTank 2","position":{"x":-3.9036130905151369,"y":-2.384185791015625e-7,"z":23.709123611450197},"rotation":{"x":0.0,"y":0.9485933780670166,"z":0.0,"w":0.3164975941181183}},{"objID":{"instanceID":14518},"objName":"CompleteTank 1","position":{"x":-2.115910291671753,"y":1.7881393432617188e-7,"z":23.805866241455079},"rotation":{"x":0.0,"y":0.9480949640274048,"z":0.0,"w":0.31798726320266726}},{"objID":{"instanceID":14600},"objName":"Cube","position":{"x":-14.046218872070313,"y":2.4201626777648927,"z":20.608150482177736},"rotation":{"x":0.0,"y":0.0,"z":0.0,"w":1.0}}]}