{"obj":[{"objID":{"instanceID":-15084},"objName":"CompleteTank 2","position":{"x":-10.430384635925293,"y":-0.000001430511474609375,"z":30.528017044067384},"rotation":{"x":0.0,"y":-0.46854183077812197,"z":0.0,"w":0.8834413886070252}},{"objID":{"instanceID":23038},"objName":"CompleteTank 1","position":{"x":-9.032179832458496,"y":-1.1920928955078126e-7,"z":31.523889541625978},"rotation":{"x":0.0,"y":-0.359630286693573,"z":0.0,"w":0.9330949187278748}},{"objID":{"instanceID":23120},"objName":"Cube","position":{"x":-14.046218872070313,"y":2.4201626777648927,"z":20.608150482177736},"rotation":{"x":0.0,"y":0.0,"z":0.0,"w":1.0}}]}