{"obj":[{"objID":{"instanceID":-15084},"objName":"CompleteTank 2","position":{"x":-10.4093599319458,"y":-0.0000012516975402832032,"z":30.562658309936525},"rotation":{"x":0.0,"y":-0.4950219392776489,"z":0.0,"w":0.8688805103302002}},{"objID":{"instanceID":23038},"objName":"CompleteTank 1","position":{"x":-9.179869651794434,"y":5.960464477539063e-8,"z":31.79872703552246},"rotation":{"x":0.0,"y":-0.4388275146484375,"z":0.0,"w":0.8985713124275208}},{"objID":{"instanceID":23120},"objName":"Cube","position":{"x":-14.046218872070313,"y":2.4201626777648927,"z":20.608150482177736},"rotation":{"x":0.0,"y":0.0,"z":0.0,"w":1.0}}]}