{"obj":[{"objID":{"instanceID":-1228},"objName":"CompleteTank 2","position":{"x":-4.038333892822266,"y":-0.0000019669532775878908,"z":31.851877212524415},"rotation":{"x":0.0,"y":-0.3299435079097748,"z":0.0,"w":-0.9440007209777832}},{"objID":{"instanceID":14518},"objName":"CompleteTank 1","position":{"x":-1.914830207824707,"y":-1.1920928955078126e-7,"z":31.83576202392578},"rotation":{"x":0.0,"y":-0.32638096809387209,"z":0.0,"w":-0.9452383518218994}},{"objID":{"instanceID":14600},"objName":"Cube","position":{"x":-14.046218872070313,"y":2.4201626777648927,"z":20.608150482177736},"rotation":{"x":0.0,"y":0.0,"z":0.0,"w":1.0}}]}