{"obj":[{"objID":{"instanceID":-15084},"objName":"CompleteTank 2","position":{"x":-3.9218056201934816,"y":-8.940696716308594e-7,"z":20.06270980834961},"rotation":{"x":0.0,"y":-0.27829769253730776,"z":0.0,"w":0.9604949355125427}},{"objID":{"instanceID":23038},"objName":"CompleteTank 1","position":{"x":-1.8118025064468384,"y":-2.384185791015625e-7,"z":20.308218002319337},"rotation":{"x":0.0,"y":-0.28008976578712466,"z":0.0,"w":0.9599738717079163}},{"objID":{"instanceID":23120},"objName":"Cube","position":{"x":-14.046218872070313,"y":2.4201626777648927,"z":20.608150482177736},"rotation":{"x":0.0,"y":0.0,"z":0.0,"w":1.0}}]}