{"obj":[{"objID":{"instanceID":-15084},"objName":"CompleteTank 2","position":{"x":-3.864325761795044,"y":-8.940696716308594e-7,"z":19.969942092895509},"rotation":{"x":0.0,"y":-0.27381592988967898,"z":0.0,"w":0.9617821574211121}},{"objID":{"instanceID":23038},"objName":"CompleteTank 1","position":{"x":-1.753976821899414,"y":-1.7881393432617188e-7,"z":20.215665817260743},"rotation":{"x":0.0,"y":-0.2756101191043854,"z":0.0,"w":0.9612695574760437}},{"objID":{"instanceID":23120},"objName":"Cube","position":{"x":-14.046218872070313,"y":2.4201626777648927,"z":20.608150482177736},"rotation":{"x":0.0,"y":0.0,"z":0.0,"w":1.0}}]}