{"obj":[{"objID":{"instanceID":-15084},"objName":"CompleteTank 2","position":{"x":-3.6936495304107668,"y":-7.748603820800781e-7,"z":19.65728759765625},"rotation":{"x":0.0,"y":0.35813966393470766,"z":0.0,"w":0.9336680769920349}},{"objID":{"instanceID":23038},"objName":"CompleteTank 1","position":{"x":-1.582816243171692,"y":-1.7881393432617188e-7,"z":19.903623580932618},"rotation":{"x":0.0,"y":0.3562336266040802,"z":0.0,"w":0.9343969821929932}},{"objID":{"instanceID":23120},"objName":"Cube","position":{"x":-14.046218872070313,"y":2.4201626777648927,"z":20.608150482177736},"rotation":{"x":0.0,"y":0.0,"z":0.0,"w":1.0}}]}