{"obj":[{"objID":{"instanceID":-1228},"objName":"CompleteTank 2","position":{"x":-3.756955862045288,"y":0.0,"z":23.577964782714845},"rotation":{"x":0.0,"y":0.9640786647796631,"z":0.0,"w":0.2656169533729553}},{"objID":{"instanceID":14518},"objName":"CompleteTank 1","position":{"x":-2.059746503829956,"y":-5.960464477539063e-8,"z":23.64000701904297},"rotation":{"x":0.0,"y":0.964077889919281,"z":0.0,"w":0.265619695186615}},{"objID":{"instanceID":14600},"objName":"Cube","position":{"x":-14.046218872070313,"y":2.4201626777648927,"z":20.608150482177736},"rotation":{"x":0.0,"y":0.0,"z":0.0,"w":1.0}}]}