{"obj":[{"objID":{"instanceID":-1228},"objName":"CompleteTank 2","position":{"x":-3.8349287509918215,"y":-8.344650268554688e-7,"z":18.886049270629884},"rotation":{"x":0.0,"y":0.9098623394966126,"z":0.0,"w":0.4149104654788971}},{"objID":{"instanceID":14518},"objName":"CompleteTank 1","position":{"x":-1.825118899345398,"y":-2.384185791015625e-7,"z":19.091035842895509},"rotation":{"x":0.0,"y":0.9114001393318176,"z":0.0,"w":0.41152137517929079}},{"objID":{"instanceID":14600},"objName":"Cube","position":{"x":-14.046218872070313,"y":2.4201626777648927,"z":20.608150482177736},"rotation":{"x":0.0,"y":0.0,"z":0.0,"w":1.0}}]}