{"obj":[{"objID":{"instanceID":-15084},"objName":"CompleteTank 2","position":{"x":-10.386503219604493,"y":-0.0000019073486328125,"z":30.571386337280275},"rotation":{"x":0.0,"y":-0.5069233775138855,"z":0.0,"w":0.8619911670684815}},{"objID":{"instanceID":23038},"objName":"CompleteTank 1","position":{"x":-9.241087913513184,"y":-0.000002384185791015625,"z":31.899208068847658},"rotation":{"x":0.0,"y":-0.4437520205974579,"z":0.0,"w":0.8961496949195862}},{"objID":{"instanceID":23120},"objName":"Cube","position":{"x":-14.046218872070313,"y":2.4201626777648927,"z":20.608150482177736},"rotation":{"x":0.0,"y":0.0,"z":0.0,"w":1.0}}]}