{"obj":[{"objID":{"instanceID":-15084},"objName":"CompleteTank 2","position":{"x":-4.232776641845703,"y":-7.152557373046875e-7,"z":20.546953201293947},"rotation":{"x":0.0,"y":-0.282894104719162,"z":0.0,"w":0.9591511487960815}},{"objID":{"instanceID":23038},"objName":"CompleteTank 1","position":{"x":-2.124579668045044,"y":-1.1920928955078126e-7,"z":20.79129409790039},"rotation":{"x":0.0,"y":-0.284683495759964,"z":0.0,"w":0.958621621131897}},{"objID":{"instanceID":23120},"objName":"Cube","position":{"x":-14.046218872070313,"y":2.4201626777648927,"z":20.608150482177736},"rotation":{"x":0.0,"y":0.0,"z":0.0,"w":1.0}}]}