{"obj":[{"objID":{"instanceID":-1228},"objName":"CompleteTank 2","position":{"x":-3.8816492557525636,"y":-6.556510925292969e-7,"z":18.86182975769043},"rotation":{"x":0.0,"y":0.6974688768386841,"z":0.0,"w":0.7166151404380798}},{"objID":{"instanceID":14518},"objName":"CompleteTank 1","position":{"x":-1.7860878705978394,"y":-4.172325134277344e-7,"z":19.107126235961915},"rotation":{"x":0.0,"y":0.6961467862129211,"z":0.0,"w":0.7178995013237}},{"objID":{"instanceID":14600},"objName":"Cube","position":{"x":-14.046218872070313,"y":2.4201626777648927,"z":20.608150482177736},"rotation":{"x":0.0,"y":0.0,"z":0.0,"w":1.0}}]}