{"obj":[{"objID":{"instanceID":-15084},"objName":"CompleteTank 2","position":{"x":-10.386553764343262,"y":-0.0000012516975402832032,"z":30.57143211364746},"rotation":{"x":0.0,"y":-0.5069053769111633,"z":0.0,"w":0.8620016574859619}},{"objID":{"instanceID":23038},"objName":"CompleteTank 1","position":{"x":-9.24108600616455,"y":-0.0000024437904357910158,"z":31.899208068847658},"rotation":{"x":0.0,"y":-0.44375166296958926,"z":0.0,"w":0.8961498737335205}},{"objID":{"instanceID":23120},"objName":"Cube","position":{"x":-14.046218872070313,"y":2.4201626777648927,"z":20.608150482177736},"rotation":{"x":0.0,"y":0.0,"z":0.0,"w":1.0}}]}