{"obj":[{"objID":{"instanceID":-15084},"objName":"CompleteTank 2","position":{"x":-5.316293239593506,"y":-7.152557373046875e-7,"z":22.2239933013916},"rotation":{"x":0.0,"y":-0.282894104719162,"z":0.0,"w":0.9591511487960815}},{"objID":{"instanceID":23038},"objName":"CompleteTank 1","position":{"x":-3.2143466472625734,"y":-1.7881393432617188e-7,"z":22.464282989501954},"rotation":{"x":0.0,"y":-0.28468167781829836,"z":0.0,"w":0.9586221575737}},{"objID":{"instanceID":23120},"objName":"Cube","position":{"x":-14.046218872070313,"y":2.4201626777648927,"z":20.608150482177736},"rotation":{"x":0.0,"y":0.0,"z":0.0,"w":1.0}}]}