{"obj":[{"objID":{"instanceID":-1228},"objName":"CompleteTank 2","position":{"x":-3.631800413131714,"y":-4.172325134277344e-7,"z":18.98185920715332},"rotation":{"x":0.0,"y":0.976917564868927,"z":0.0,"w":0.2136165350675583}},{"objID":{"instanceID":14518},"objName":"CompleteTank 1","position":{"x":-2.006977081298828,"y":-2.384185791015625e-7,"z":19.020044326782228},"rotation":{"x":0.0,"y":0.9768581390380859,"z":0.0,"w":0.21388839185237885}},{"objID":{"instanceID":14600},"objName":"Cube","position":{"x":-14.046218872070313,"y":2.4201626777648927,"z":20.608150482177736},"rotation":{"x":0.0,"y":0.0,"z":0.0,"w":1.0}}]}