{"obj":[{"objID":{"instanceID":-15084},"objName":"CompleteTank 2","position":{"x":-3.555793285369873,"y":-2.384185791015625e-7,"z":19.735166549682618},"rotation":{"x":0.0,"y":0.9477540254592896,"z":0.0,"w":0.3190020024776459}},{"objID":{"instanceID":23038},"objName":"CompleteTank 1","position":{"x":-1.75501549243927,"y":-1.1920928955078126e-7,"z":19.833621978759767},"rotation":{"x":0.0,"y":0.9459341764450073,"z":0.0,"w":0.324358731508255}},{"objID":{"instanceID":23120},"objName":"Cube","position":{"x":-14.046218872070313,"y":2.4201626777648927,"z":20.608150482177736},"rotation":{"x":0.0,"y":0.0,"z":0.0,"w":1.0}}]}