{"obj":[{"objID":{"instanceID":-1228},"objName":"CompleteTank 2","position":{"x":-4.030952453613281,"y":-0.0000016689300537109376,"z":31.848953247070314},"rotation":{"x":0.0,"y":0.795222282409668,"z":0.0,"w":-0.6063180565834045}},{"objID":{"instanceID":14518},"objName":"CompleteTank 1","position":{"x":-1.922300100326538,"y":-5.960464477539063e-8,"z":31.837642669677736},"rotation":{"x":0.0,"y":0.7975286245346069,"z":0.0,"w":-0.6032810807228088}},{"objID":{"instanceID":14600},"objName":"Cube","position":{"x":-14.046218872070313,"y":2.4201626777648927,"z":20.608150482177736},"rotation":{"x":0.0,"y":0.0,"z":0.0,"w":1.0}}]}