{"obj":[{"objID":{"instanceID":-15084},"objName":"CompleteTank 2","position":{"x":-3.6940832138061525,"y":-7.748603820800781e-7,"z":19.657272338867189},"rotation":{"x":0.0,"y":0.17673586308956147,"z":0.0,"w":0.9842583537101746}},{"objID":{"instanceID":23038},"objName":"CompleteTank 1","position":{"x":-1.5825670957565308,"y":0.0,"z":19.903635025024415},"rotation":{"x":0.0,"y":0.1748976856470108,"z":0.0,"w":0.9845865964889526}},{"objID":{"instanceID":23120},"objName":"Cube","position":{"x":-14.046218872070313,"y":2.4201626777648927,"z":20.608150482177736},"rotation":{"x":0.0,"y":0.0,"z":0.0,"w":1.0}}]}