{"obj":[{"objID":{"instanceID":-1228},"objName":"CompleteTank 2","position":{"x":-3.889469861984253,"y":-7.748603820800781e-7,"z":18.86161231994629},"rotation":{"x":0.0,"y":0.3289564251899719,"z":0.0,"w":0.9443451762199402}},{"objID":{"instanceID":14518},"objName":"CompleteTank 1","position":{"x":-1.7792303562164307,"y":-4.172325134277344e-7,"z":19.107542037963868},"rotation":{"x":0.0,"y":0.32710471749305727,"z":0.0,"w":0.9449880719184876}},{"objID":{"instanceID":14600},"objName":"Cube","position":{"x":-14.046218872070313,"y":2.4201626777648927,"z":20.608150482177736},"rotation":{"x":0.0,"y":0.0,"z":0.0,"w":1.0}}]}