{"obj":[{"objID":{"instanceID":-15084},"objName":"CompleteTank 2","position":{"x":-3.6168038845062258,"y":-2.384185791015625e-7,"z":20.622655868530275},"rotation":{"x":0.0,"y":0.9984913468360901,"z":0.0,"w":0.054910555481910709}},{"objID":{"instanceID":23038},"objName":"CompleteTank 1","position":{"x":-2.1061649322509767,"y":5.960464477539063e-8,"z":20.642803192138673},"rotation":{"x":0.0,"y":0.99846351146698,"z":0.0,"w":0.05541284754872322}},{"objID":{"instanceID":23120},"objName":"Cube","position":{"x":-14.046218872070313,"y":2.4201626777648927,"z":20.608150482177736},"rotation":{"x":0.0,"y":0.0,"z":0.0,"w":1.0}}]}