{"obj":[{"objID":{"instanceID":-1228},"objName":"CompleteTank 2","position":{"x":-3.6924619674682619,"y":-2.384185791015625e-7,"z":24.722745895385743},"rotation":{"x":0.0,"y":0.9998913407325745,"z":0.0,"w":0.014745489694178105}},{"objID":{"instanceID":14518},"objName":"CompleteTank 1","position":{"x":-2.185948371887207,"y":-1.1920928955078126e-7,"z":24.742826461791993},"rotation":{"x":0.0,"y":0.999883770942688,"z":0.0,"w":0.015248732641339302}},{"objID":{"instanceID":14600},"objName":"Cube","position":{"x":-14.046218872070313,"y":2.4201626777648927,"z":20.608150482177736},"rotation":{"x":0.0,"y":0.0,"z":0.0,"w":1.0}}]}