{"obj":[{"objID":{"instanceID":-15084},"objName":"CompleteTank 2","position":{"x":-3.6940832138061525,"y":-7.152557373046875e-7,"z":19.657272338867189},"rotation":{"x":0.0,"y":0.26857835054397585,"z":0.0,"w":0.9632578492164612}},{"objID":{"instanceID":23038},"objName":"CompleteTank 1","position":{"x":-1.5825670957565308,"y":-5.960464477539063e-8,"z":19.903635025024415},"rotation":{"x":0.0,"y":0.26677918434143069,"z":0.0,"w":0.9637576937675476}},{"objID":{"instanceID":23120},"objName":"Cube","position":{"x":-14.046218872070313,"y":2.4201626777648927,"z":20.608150482177736},"rotation":{"x":0.0,"y":0.0,"z":0.0,"w":1.0}}]}