{"obj":[{"objID":{"instanceID":-1228},"objName":"CompleteTank 2","position":{"x":-3.7221767902374269,"y":-7.748603820800781e-7,"z":18.948123931884767},"rotation":{"x":0.0,"y":0.9481502175331116,"z":0.0,"w":0.31782278418540957}},{"objID":{"instanceID":14518},"objName":"CompleteTank 1","position":{"x":-1.9279930591583253,"y":-3.5762786865234377e-7,"z":19.043886184692384},"rotation":{"x":0.0,"y":0.9471309781074524,"z":0.0,"w":0.32084736227989199}},{"objID":{"instanceID":14600},"objName":"Cube","position":{"x":-14.046218872070313,"y":2.4201626777648927,"z":20.608150482177736},"rotation":{"x":0.0,"y":0.0,"z":0.0,"w":1.0}}]}