{"obj":[{"objID":{"instanceID":-1228},"objName":"CompleteTank 2","position":{"x":-5.666608810424805,"y":-2.384185791015625e-7,"z":24.749980926513673},"rotation":{"x":0.0,"y":0.8021693229675293,"z":0.0,"w":0.5970966219902039}},{"objID":{"instanceID":14518},"objName":"CompleteTank 1","position":{"x":-3.576786518096924,"y":0.0,"z":24.982458114624025},"rotation":{"x":0.0,"y":0.8001523613929749,"z":0.0,"w":0.5997967720031738}},{"objID":{"instanceID":14600},"objName":"Cube","position":{"x":-14.046218872070313,"y":2.4201626777648927,"z":20.608150482177736},"rotation":{"x":0.0,"y":0.0,"z":0.0,"w":1.0}}]}