{"obj":[{"objID":{"instanceID":-15084},"objName":"CompleteTank 2","position":{"x":-10.424989700317383,"y":-0.0000013709068298339844,"z":30.538419723510743},"rotation":{"x":0.0,"y":-0.47646909952163699,"z":0.0,"w":0.8791912794113159}},{"objID":{"instanceID":23038},"objName":"CompleteTank 1","position":{"x":-9.070149421691895,"y":-2.384185791015625e-7,"z":31.612396240234376},"rotation":{"x":0.0,"y":-0.3886564373970032,"z":0.0,"w":0.9213828444480896}},{"objID":{"instanceID":23120},"objName":"Cube","position":{"x":-14.046218872070313,"y":2.4201626777648927,"z":20.608150482177736},"rotation":{"x":0.0,"y":0.0,"z":0.0,"w":1.0}}]}