{"obj":[{"objID":{"instanceID":-15084},"objName":"CompleteTank 2","position":{"x":-10.386518478393555,"y":-0.0000017881393432617188,"z":30.571399688720704},"rotation":{"x":0.0,"y":-0.5069181323051453,"z":0.0,"w":0.8619942665100098}},{"objID":{"instanceID":23038},"objName":"CompleteTank 1","position":{"x":-9.241087913513184,"y":-0.0000024437904357910158,"z":31.899208068847658},"rotation":{"x":0.0,"y":-0.44375190138816836,"z":0.0,"w":0.896149754524231}},{"objID":{"instanceID":23120},"objName":"Cube","position":{"x":-14.046218872070313,"y":2.4201626777648927,"z":20.608150482177736},"rotation":{"x":0.0,"y":0.0,"z":0.0,"w":1.0}}]}