{"obj":[{"objID":{"instanceID":-15084},"objName":"CompleteTank 2","position":{"x":-10.38742733001709,"y":-0.0000013709068298339844,"z":30.572223663330079},"rotation":{"x":0.0,"y":-0.506587028503418,"z":0.0,"w":0.8621888160705566}},{"objID":{"instanceID":23038},"objName":"CompleteTank 1","position":{"x":-9.241082191467286,"y":0.0,"z":31.89920997619629},"rotation":{"x":0.0,"y":-0.443750262260437,"z":0.0,"w":0.8961504697799683}},{"objID":{"instanceID":23120},"objName":"Cube","position":{"x":-14.046218872070313,"y":2.4201626777648927,"z":20.608150482177736},"rotation":{"x":0.0,"y":0.0,"z":0.0,"w":1.0}}]}