{"obj":[{"objID":{"instanceID":-15084},"objName":"CompleteTank 2","position":{"x":-3.7001614570617677,"y":-3.5762786865234377e-7,"z":25.191394805908204},"rotation":{"x":0.0,"y":0.9999862313270569,"z":0.0,"w":0.005261681973934174}},{"objID":{"instanceID":23038},"objName":"CompleteTank 1","position":{"x":-2.194119453430176,"y":-2.384185791015625e-7,"z":25.211471557617189},"rotation":{"x":0.0,"y":0.9999834299087524,"z":0.0,"w":0.0057649207301437859}},{"objID":{"instanceID":23120},"objName":"Cube","position":{"x":-14.046218872070313,"y":2.4201626777648927,"z":20.608150482177736},"rotation":{"x":0.0,"y":0.0,"z":0.0,"w":1.0}}]}