{"obj":[{"objID":{"instanceID":-1228},"objName":"CompleteTank 2","position":{"x":-4.0391998291015629,"y":-0.0000018477439880371094,"z":31.85177993774414},"rotation":{"x":0.0,"y":-0.7644146680831909,"z":0.0,"w":-0.6447249054908752}},{"objID":{"instanceID":14518},"objName":"CompleteTank 1","position":{"x":-1.9141762256622315,"y":-1.1920928955078126e-7,"z":31.835819244384767},"rotation":{"x":0.0,"y":-0.7622087001800537,"z":0.0,"w":-0.6473313570022583}},{"objID":{"instanceID":14600},"objName":"Cube","position":{"x":-14.046218872070313,"y":2.4201626777648927,"z":20.608150482177736},"rotation":{"x":0.0,"y":0.0,"z":0.0,"w":1.0}}]}