{"obj":[{"objID":{"instanceID":-15084},"objName":"CompleteTank 2","position":{"x":-3.6423375606536867,"y":-1.1920928955078126e-7,"z":20.9686336517334},"rotation":{"x":0.0,"y":0.999503493309021,"z":0.0,"w":0.031509630382061008}},{"objID":{"instanceID":23038},"objName":"CompleteTank 1","position":{"x":-2.1320464611053469,"y":0.0,"z":20.98875617980957},"rotation":{"x":0.0,"y":0.9994874596595764,"z":0.0,"w":0.03201240673661232}},{"objID":{"instanceID":23120},"objName":"Cube","position":{"x":-14.046218872070313,"y":2.4201626777648927,"z":20.608150482177736},"rotation":{"x":0.0,"y":0.0,"z":0.0,"w":1.0}}]}