{"obj":[{"objID":{"instanceID":-15084},"objName":"CompleteTank 2","position":{"x":-3.7498254776000978,"y":-3.5762786865234377e-7,"z":29.910634994506837},"rotation":{"x":0.0,"y":0.9999862313270569,"z":0.0,"w":0.005261681973934174}},{"objID":{"instanceID":23038},"objName":"CompleteTank 1","position":{"x":-2.2485339641571047,"y":-2.384185791015625e-7,"z":29.930665969848634},"rotation":{"x":0.0,"y":0.9999834299087524,"z":0.0,"w":0.005765294190496206}},{"objID":{"instanceID":23120},"objName":"Cube","position":{"x":-14.046218872070313,"y":2.4201626777648927,"z":20.608150482177736},"rotation":{"x":0.0,"y":0.0,"z":0.0,"w":1.0}}]}