{"obj":[{"objID":{"instanceID":-15084},"objName":"CompleteTank 2","position":{"x":-10.386711120605469,"y":-0.0000016093254089355469,"z":30.571575164794923},"rotation":{"x":0.0,"y":-0.5068472027778626,"z":0.0,"w":0.8620359897613525}},{"objID":{"instanceID":23038},"objName":"CompleteTank 1","position":{"x":-9.241082191467286,"y":-0.000002205371856689453,"z":31.899208068847658},"rotation":{"x":0.0,"y":-0.44375079870224,"z":0.0,"w":0.8961502909660339}},{"objID":{"instanceID":23120},"objName":"Cube","position":{"x":-14.046218872070313,"y":2.4201626777648927,"z":20.608150482177736},"rotation":{"x":0.0,"y":0.0,"z":0.0,"w":1.0}}]}