{"obj":[{"objID":{"instanceID":-15084},"objName":"CompleteTank 2","position":{"x":-3.6940832138061525,"y":-9.5367431640625e-7,"z":19.657272338867189},"rotation":{"x":0.0,"y":0.20756496489048005,"z":0.0,"w":0.9782212972640991}},{"objID":{"instanceID":23038},"objName":"CompleteTank 1","position":{"x":-1.5825670957565308,"y":0.0,"z":19.903635025024415},"rotation":{"x":0.0,"y":0.20573800802230836,"z":0.0,"w":0.9786071181297302}},{"objID":{"instanceID":23120},"objName":"Cube","position":{"x":-14.046218872070313,"y":2.4201626777648927,"z":20.608150482177736},"rotation":{"x":0.0,"y":0.0,"z":0.0,"w":1.0}}]}