{"obj":[{"objID":{"instanceID":-1228},"objName":"CompleteTank 2","position":{"x":-3.7767605781555177,"y":-7.748603820800781e-7,"z":18.920225143432618},"rotation":{"x":0.0,"y":0.9310159087181091,"z":0.0,"w":0.3649787902832031}},{"objID":{"instanceID":14518},"objName":"CompleteTank 1","position":{"x":-1.8783855438232422,"y":-3.5762786865234377e-7,"z":19.064245223999025},"rotation":{"x":0.0,"y":0.9286385178565979,"z":0.0,"w":0.37098604440689089}},{"objID":{"instanceID":14600},"objName":"Cube","position":{"x":-14.046218872070313,"y":2.4201626777648927,"z":20.608150482177736},"rotation":{"x":0.0,"y":0.0,"z":0.0,"w":1.0}}]}