{"obj":[{"objID":{"instanceID":-1228},"objName":"CompleteTank 2","position":{"x":-3.8816492557525636,"y":-6.556510925292969e-7,"z":18.86182975769043},"rotation":{"x":0.0,"y":0.7410892248153687,"z":0.0,"w":0.671406626701355}},{"objID":{"instanceID":14518},"objName":"CompleteTank 1","position":{"x":-1.7860878705978394,"y":-4.76837158203125e-7,"z":19.107126235961915},"rotation":{"x":0.0,"y":0.7398504614830017,"z":0.0,"w":0.6727713942527771}},{"objID":{"instanceID":14600},"objName":"Cube","position":{"x":-14.046218872070313,"y":2.4201626777648927,"z":20.608150482177736},"rotation":{"x":0.0,"y":0.0,"z":0.0,"w":1.0}}]}