{"obj":[{"objID":{"instanceID":-1228},"objName":"CompleteTank 2","position":{"x":-3.672293186187744,"y":-3.5762786865234377e-7,"z":22.54328155517578},"rotation":{"x":0.0,"y":0.9999862313270569,"z":0.0,"w":0.005261681973934174}},{"objID":{"instanceID":14518},"objName":"CompleteTank 1","position":{"x":-2.1635844707489015,"y":-2.384185791015625e-7,"z":22.563379287719728},"rotation":{"x":0.0,"y":0.9999834299087524,"z":0.0,"w":0.005764788947999477}},{"objID":{"instanceID":14600},"objName":"Cube","position":{"x":-14.046218872070313,"y":2.4201626777648927,"z":20.608150482177736},"rotation":{"x":0.0,"y":0.0,"z":0.0,"w":1.0}}]}