{"obj":[{"objID":{"instanceID":-1228},"objName":"CompleteTank 2","position":{"x":-4.039200305938721,"y":-0.0000017881393432617188,"z":31.85177993774414},"rotation":{"x":0.0,"y":-0.6300656795501709,"z":0.0,"w":-0.7765418291091919}},{"objID":{"instanceID":14518},"objName":"CompleteTank 1","position":{"x":-1.914176344871521,"y":-2.384185791015625e-7,"z":31.835819244384767},"rotation":{"x":0.0,"y":-0.6274101734161377,"z":0.0,"w":-0.7786889672279358}},{"objID":{"instanceID":14600},"objName":"Cube","position":{"x":-14.046218872070313,"y":2.4201626777648927,"z":20.608150482177736},"rotation":{"x":0.0,"y":0.0,"z":0.0,"w":1.0}}]}