{"obj":[{"objID":{"instanceID":-15084},"objName":"CompleteTank 2","position":{"x":-3.6940834522247316,"y":-6.556510925292969e-7,"z":19.657272338867189},"rotation":{"x":0.0,"y":-0.1244383454322815,"z":0.0,"w":0.99222731590271}},{"objID":{"instanceID":23038},"objName":"CompleteTank 1","position":{"x":-1.582567572593689,"y":-1.1920928955078126e-7,"z":19.903635025024415},"rotation":{"x":0.0,"y":-0.12629057466983796,"z":0.0,"w":0.9919933080673218}},{"objID":{"instanceID":23120},"objName":"Cube","position":{"x":-14.046218872070313,"y":2.4201626777648927,"z":20.608150482177736},"rotation":{"x":0.0,"y":0.0,"z":0.0,"w":1.0}}]}