{"obj":[{"objID":{"instanceID":-15084},"objName":"CompleteTank 2","position":{"x":-3.6940834522247316,"y":-7.152557373046875e-7,"z":19.657272338867189},"rotation":{"x":0.0,"y":-0.14771148562431336,"z":0.0,"w":0.9890304803848267}},{"objID":{"instanceID":23038},"objName":"CompleteTank 1","position":{"x":-1.5825676918029786,"y":0.0,"z":19.903635025024415},"rotation":{"x":0.0,"y":-0.1495576649904251,"z":0.0,"w":0.9887530207633972}},{"objID":{"instanceID":23120},"objName":"Cube","position":{"x":-14.046218872070313,"y":2.4201626777648927,"z":20.608150482177736},"rotation":{"x":0.0,"y":0.0,"z":0.0,"w":1.0}}]}