{"obj":[{"objID":{"instanceID":-15084},"objName":"CompleteTank 2","position":{"x":-10.45642375946045,"y":-0.0000013709068298339844,"z":30.475299835205079},"rotation":{"x":0.0,"y":-0.42601948976516726,"z":0.0,"w":0.904714047908783}},{"objID":{"instanceID":23038},"objName":"CompleteTank 1","position":{"x":-8.880681991577149,"y":-5.960464477539063e-8,"z":31.163206100463868},"rotation":{"x":0.0,"y":-0.2846809923648834,"z":0.0,"w":0.9586223363876343}},{"objID":{"instanceID":23120},"objName":"Cube","position":{"x":-14.046218872070313,"y":2.4201626777648927,"z":20.608150482177736},"rotation":{"x":0.0,"y":0.0,"z":0.0,"w":1.0}}]}