{"obj":[{"objID":{"instanceID":-1228},"objName":"CompleteTank 2","position":{"x":-4.039531707763672,"y":-0.000002086162567138672,"z":31.85192108154297},"rotation":{"x":0.0,"y":-0.9375780820846558,"z":0.0,"w":-0.34777510166168215}},{"objID":{"instanceID":14518},"objName":"CompleteTank 1","position":{"x":-1.9138432741165162,"y":-4.76837158203125e-7,"z":31.835371017456056},"rotation":{"x":0.0,"y":-0.9364637136459351,"z":0.0,"w":-0.35076460242271426}},{"objID":{"instanceID":14600},"objName":"Cube","position":{"x":-14.046218872070313,"y":2.4201626777648927,"z":20.608150482177736},"rotation":{"x":0.0,"y":0.0,"z":0.0,"w":1.0}}]}