{"obj":[{"objID":{"instanceID":-1228},"objName":"CompleteTank 2","position":{"x":-4.027200222015381,"y":-9.5367431640625e-7,"z":31.848867416381837},"rotation":{"x":0.0,"y":0.9088472127914429,"z":0.0,"w":-0.41712918877601626}},{"objID":{"instanceID":14518},"objName":"CompleteTank 1","position":{"x":-1.9269102811813355,"y":2.384185791015625e-7,"z":31.837121963500978},"rotation":{"x":0.0,"y":0.9102057218551636,"z":0.0,"w":-0.4141562879085541}},{"objID":{"instanceID":14600},"objName":"Cube","position":{"x":-14.046218872070313,"y":2.4201626777648927,"z":20.608150482177736},"rotation":{"x":0.0,"y":0.0,"z":0.0,"w":1.0}}]}