{"obj":[{"objID":{"instanceID":-15084},"objName":"CompleteTank 2","position":{"x":-3.6648035049438478,"y":-2.384185791015625e-7,"z":21.831584930419923},"rotation":{"x":0.0,"y":0.999976634979248,"z":0.0,"w":0.006845621392130852}},{"objID":{"instanceID":23038},"objName":"CompleteTank 1","position":{"x":-2.1553802490234377,"y":-2.384185791015625e-7,"z":21.851688385009767},"rotation":{"x":0.0,"y":0.9999730587005615,"z":0.0,"w":0.0073486692272126678}},{"objID":{"instanceID":23120},"objName":"Cube","position":{"x":-14.046218872070313,"y":2.4201626777648927,"z":20.608150482177736},"rotation":{"x":0.0,"y":0.0,"z":0.0,"w":1.0}}]}