{"obj":[{"objID":{"instanceID":-15084},"objName":"CompleteTank 2","position":{"x":-3.538848638534546,"y":-4.172325134277344e-7,"z":20.02935218811035},"rotation":{"x":0.0,"y":0.9891429543495178,"z":0.0,"w":0.14695671200752259}},{"objID":{"instanceID":23038},"objName":"CompleteTank 1","position":{"x":-1.9836729764938355,"y":-1.1920928955078126e-7,"z":20.053001403808595},"rotation":{"x":0.0,"y":0.9892163276672363,"z":0.0,"w":0.146462082862854}},{"objID":{"instanceID":23120},"objName":"Cube","position":{"x":-14.046218872070313,"y":2.4201626777648927,"z":20.608150482177736},"rotation":{"x":0.0,"y":0.0,"z":0.0,"w":1.0}}]}