{"obj":[{"objID":{"instanceID":-15084},"objName":"CompleteTank 2","position":{"x":-3.747572660446167,"y":-3.5762786865234377e-7,"z":29.69655418395996},"rotation":{"x":0.0,"y":0.9999862313270569,"z":0.0,"w":0.005261681973934174}},{"objID":{"instanceID":23038},"objName":"CompleteTank 1","position":{"x":-2.246065378189087,"y":-2.384185791015625e-7,"z":29.716588973999025},"rotation":{"x":0.0,"y":0.9999834299087524,"z":0.0,"w":0.005765294190496206}},{"objID":{"instanceID":23120},"objName":"Cube","position":{"x":-14.046218872070313,"y":2.4201626777648927,"z":20.608150482177736},"rotation":{"x":0.0,"y":0.0,"z":0.0,"w":1.0}}]}