{"obj":[{"objID":{"instanceID":-1228},"objName":"CompleteTank 2","position":{"x":-4.0391998291015629,"y":-0.0000018477439880371094,"z":31.85177993774414},"rotation":{"x":0.0,"y":-0.8216961026191711,"z":0.0,"w":-0.5699259042739868}},{"objID":{"instanceID":14518},"objName":"CompleteTank 1","position":{"x":-1.914176106452942,"y":-2.980232238769531e-7,"z":31.835819244384767},"rotation":{"x":0.0,"y":-0.8197450637817383,"z":0.0,"w":-0.5727286338806152}},{"objID":{"instanceID":14600},"objName":"Cube","position":{"x":-14.046218872070313,"y":2.4201626777648927,"z":20.608150482177736},"rotation":{"x":0.0,"y":0.0,"z":0.0,"w":1.0}}]}