{"obj":[{"objID":{"instanceID":-15084},"objName":"CompleteTank 2","position":{"x":-3.6940832138061525,"y":-7.152557373046875e-7,"z":19.657272338867189},"rotation":{"x":0.0,"y":0.11458540707826615,"z":0.0,"w":0.9934133887290955}},{"objID":{"instanceID":23038},"objName":"CompleteTank 1","position":{"x":-1.5825672149658204,"y":-1.7881393432617188e-7,"z":19.903635025024415},"rotation":{"x":0.0,"y":0.11273007839918137,"z":0.0,"w":0.9936257004737854}},{"objID":{"instanceID":23120},"objName":"Cube","position":{"x":-14.046218872070313,"y":2.4201626777648927,"z":20.608150482177736},"rotation":{"x":0.0,"y":0.0,"z":0.0,"w":1.0}}]}