{"obj":[{"objID":{"instanceID":-15084},"objName":"CompleteTank 2","position":{"x":-3.532382011413574,"y":-4.76837158203125e-7,"z":19.745906829833986},"rotation":{"x":0.0,"y":0.9551333785057068,"z":0.0,"w":0.2961762249469757}},{"objID":{"instanceID":23038},"objName":"CompleteTank 1","position":{"x":-1.7823516130447388,"y":-2.980232238769531e-7,"z":19.8236141204834},"rotation":{"x":0.0,"y":0.9550773501396179,"z":0.0,"w":0.2963568866252899}},{"objID":{"instanceID":23120},"objName":"Cube","position":{"x":-14.046218872070313,"y":2.4201626777648927,"z":20.608150482177736},"rotation":{"x":0.0,"y":0.0,"z":0.0,"w":1.0}}]}