{"obj":[{"objID":{"instanceID":-1228},"objName":"CompleteTank 2","position":{"x":-4.039531707763672,"y":-0.0000017881393432617188,"z":31.85192108154297},"rotation":{"x":0.0,"y":-0.9996573328971863,"z":0.0,"w":0.026177262887358667}},{"objID":{"instanceID":14518},"objName":"CompleteTank 1","position":{"x":-1.9138432741165162,"y":-0.0000014901161193847657,"z":31.835371017456056},"rotation":{"x":0.0,"y":-0.9997358322143555,"z":0.0,"w":0.022987911477684976}},{"objID":{"instanceID":14600},"objName":"Cube","position":{"x":-14.046218872070313,"y":2.4201626777648927,"z":20.608150482177736},"rotation":{"x":0.0,"y":0.0,"z":0.0,"w":1.0}}]}