{"obj":[{"objID":{"instanceID":-1228},"objName":"CompleteTank 2","position":{"x":-3.889491319656372,"y":-7.152557373046875e-7,"z":18.861614227294923},"rotation":{"x":0.0,"y":0.17075730860233308,"z":0.0,"w":0.9853131771087647}},{"objID":{"instanceID":14518},"objName":"CompleteTank 1","position":{"x":-1.7792181968688965,"y":-7.748603820800781e-7,"z":19.107540130615236},"rotation":{"x":0.0,"y":0.16883407533168794,"z":0.0,"w":0.9856445789337158}},{"objID":{"instanceID":14600},"objName":"Cube","position":{"x":-14.046218872070313,"y":2.4201626777648927,"z":20.608150482177736},"rotation":{"x":0.0,"y":0.0,"z":0.0,"w":1.0}}]}