{"obj":[{"objID":{"instanceID":-15084},"objName":"CompleteTank 2","position":{"x":-3.6863644123077394,"y":-9.5367431640625e-7,"z":19.65744400024414},"rotation":{"x":0.0,"y":0.8007531762123108,"z":0.0,"w":0.5989945530891419}},{"objID":{"instanceID":23038},"objName":"CompleteTank 1","position":{"x":-1.5893325805664063,"y":1.7881393432617188e-7,"z":19.90321922302246},"rotation":{"x":0.0,"y":0.7996909022331238,"z":0.0,"w":0.6004118323326111}},{"objID":{"instanceID":23120},"objName":"Cube","position":{"x":-14.046218872070313,"y":2.4201626777648927,"z":20.608150482177736},"rotation":{"x":0.0,"y":0.0,"z":0.0,"w":1.0}}]}