{"obj":[{"objID":{"instanceID":-15084},"objName":"CompleteTank 2","position":{"x":-3.7251763343811037,"y":-7.152557373046875e-7,"z":19.725522994995118},"rotation":{"x":0.0,"y":-0.2361394315958023,"z":0.0,"w":0.9717192053794861}},{"objID":{"instanceID":23038},"objName":"CompleteTank 1","position":{"x":-1.6139155626296998,"y":0.0,"z":19.971769332885743},"rotation":{"x":0.0,"y":-0.2379528135061264,"z":0.0,"w":0.9712767004966736}},{"objID":{"instanceID":23120},"objName":"Cube","position":{"x":-14.046218872070313,"y":2.4201626777648927,"z":20.608150482177736},"rotation":{"x":0.0,"y":0.0,"z":0.0,"w":1.0}}]}