{"obj":[{"objID":{"instanceID":-1228},"objName":"CompleteTank 2","position":{"x":-4.531014442443848,"y":-1.7881393432617188e-7,"z":24.141117095947267},"rotation":{"x":0.0,"y":0.9025160074234009,"z":0.0,"w":0.4306563436985016}},{"objID":{"instanceID":14518},"objName":"CompleteTank 1","position":{"x":-2.470736026763916,"y":0.0,"z":24.37940216064453},"rotation":{"x":0.0,"y":0.9011522531509399,"z":0.0,"w":0.43350279331207278}},{"objID":{"instanceID":14600},"objName":"Cube","position":{"x":-14.046218872070313,"y":2.4201626777648927,"z":20.608150482177736},"rotation":{"x":0.0,"y":0.0,"z":0.0,"w":1.0}}]}