{"obj":[{"objID":{"instanceID":-1228},"objName":"CompleteTank 2","position":{"x":-8.521416664123536,"y":-3.5762786865234377e-7,"z":25.013349533081056},"rotation":{"x":0.0,"y":0.7210078835487366,"z":0.0,"w":0.6929268836975098}},{"objID":{"instanceID":14518},"objName":"CompleteTank 1","position":{"x":-6.433305263519287,"y":-5.960464477539063e-8,"z":25.226573944091798},"rotation":{"x":0.0,"y":0.7186684608459473,"z":0.0,"w":0.6953529119491577}},{"objID":{"instanceID":14600},"objName":"Cube","position":{"x":-14.046218872070313,"y":2.4201626777648927,"z":20.608150482177736},"rotation":{"x":0.0,"y":0.0,"z":0.0,"w":1.0}}]}