{"obj":[{"objID":{"instanceID":-1228},"objName":"CompleteTank 2","position":{"x":-3.598346471786499,"y":-4.172325134277344e-7,"z":19.060848236083986},"rotation":{"x":0.0,"y":0.9948670864105225,"z":0.0,"w":0.10119105875492096}},{"objID":{"instanceID":14518},"objName":"CompleteTank 1","position":{"x":-2.07388973236084,"y":-5.960464477539063e-8,"z":19.080900192260743},"rotation":{"x":0.0,"y":0.9947658181190491,"z":0.0,"w":0.10218127071857453}},{"objID":{"instanceID":14600},"objName":"Cube","position":{"x":-14.046218872070313,"y":2.4201626777648927,"z":20.608150482177736},"rotation":{"x":0.0,"y":0.0,"z":0.0,"w":1.0}}]}