{"obj":[{"objID":{"instanceID":-15084},"objName":"CompleteTank 2","position":{"x":-3.5258798599243166,"y":-4.172325134277344e-7,"z":19.95197296142578},"rotation":{"x":0.0,"y":0.985683262348175,"z":0.0,"w":0.1686079353094101}},{"objID":{"instanceID":23038},"objName":"CompleteTank 1","position":{"x":-1.950708031654358,"y":-1.1920928955078126e-7,"z":19.977556228637697},"rotation":{"x":0.0,"y":0.9857351779937744,"z":0.0,"w":0.16830392181873322}},{"objID":{"instanceID":23120},"objName":"Cube","position":{"x":-14.046218872070313,"y":2.4201626777648927,"z":20.608150482177736},"rotation":{"x":0.0,"y":0.0,"z":0.0,"w":1.0}}]}