{"obj":[{"objID":{"instanceID":-15084},"objName":"CompleteTank 2","position":{"x":-4.435659408569336,"y":-7.152557373046875e-7,"z":20.86096954345703},"rotation":{"x":0.0,"y":-0.282894104719162,"z":0.0,"w":0.9591511487960815}},{"objID":{"instanceID":23038},"objName":"CompleteTank 1","position":{"x":-2.3286330699920656,"y":-2.384185791015625e-7,"z":21.104551315307618},"rotation":{"x":0.0,"y":-0.2846831679344177,"z":0.0,"w":0.9586217403411865}},{"objID":{"instanceID":23120},"objName":"Cube","position":{"x":-14.046218872070313,"y":2.4201626777648927,"z":20.608150482177736},"rotation":{"x":0.0,"y":0.0,"z":0.0,"w":1.0}}]}