{"obj":[{"objID":{"instanceID":-1228},"objName":"CompleteTank 2","position":{"x":-4.039200305938721,"y":-0.0000017881393432617188,"z":31.85177993774414},"rotation":{"x":0.0,"y":-0.5800629258155823,"z":0.0,"w":-0.8145716786384583}},{"objID":{"instanceID":14518},"objName":"CompleteTank 1","position":{"x":-1.9141764640808106,"y":-4.172325134277344e-7,"z":31.835819244384767},"rotation":{"x":0.0,"y":-0.5772779583930969,"z":0.0,"w":-0.8165478110313416}},{"objID":{"instanceID":14600},"objName":"Cube","position":{"x":-14.046218872070313,"y":2.4201626777648927,"z":20.608150482177736},"rotation":{"x":0.0,"y":0.0,"z":0.0,"w":1.0}}]}