{"obj":[{"objID":{"instanceID":-1228},"objName":"CompleteTank 2","position":{"x":-3.8235411643981935,"y":-5.960464477539063e-8,"z":23.639375686645509},"rotation":{"x":0.0,"y":0.956456184387207,"z":0.0,"w":0.2918758988380432}},{"objID":{"instanceID":14518},"objName":"CompleteTank 1","position":{"x":-2.0830204486846926,"y":1.1920928955078126e-7,"z":23.718048095703126},"rotation":{"x":0.0,"y":0.9562774300575256,"z":0.0,"w":0.2924610376358032}},{"objID":{"instanceID":14600},"objName":"Cube","position":{"x":-14.046218872070313,"y":2.4201626777648927,"z":20.608150482177736},"rotation":{"x":0.0,"y":0.0,"z":0.0,"w":1.0}}]}