{"obj":[{"objID":{"instanceID":-15084},"objName":"CompleteTank 2","position":{"x":-3.7091166973114015,"y":-8.344650268554688e-7,"z":19.692155838012697},"rotation":{"x":0.0,"y":-0.2224140614271164,"z":0.0,"w":0.9749523401260376}},{"objID":{"instanceID":23038},"objName":"CompleteTank 1","position":{"x":-1.597731113433838,"y":0.0,"z":19.93846321105957},"rotation":{"x":0.0,"y":-0.224233940243721,"z":0.0,"w":0.974535346031189}},{"objID":{"instanceID":23120},"objName":"Cube","position":{"x":-14.046218872070313,"y":2.4201626777648927,"z":20.608150482177736},"rotation":{"x":0.0,"y":0.0,"z":0.0,"w":1.0}}]}