{"obj":[{"objID":{"instanceID":-1228},"objName":"CompleteTank 2","position":{"x":-6.367018222808838,"y":-4.172325134277344e-7,"z":24.912656784057618},"rotation":{"x":0.0,"y":0.7424175143241882,"z":0.0,"w":0.6699375510215759}},{"objID":{"instanceID":14518},"objName":"CompleteTank 1","position":{"x":-4.2782769203186039,"y":0.0,"z":25.140409469604493},"rotation":{"x":0.0,"y":0.7401553988456726,"z":0.0,"w":0.6724358797073364}},{"objID":{"instanceID":14600},"objName":"Cube","position":{"x":-14.046218872070313,"y":2.4201626777648927,"z":20.608150482177736},"rotation":{"x":0.0,"y":0.0,"z":0.0,"w":1.0}}]}