{"obj":[{"objID":{"instanceID":-1228},"objName":"CompleteTank 2","position":{"x":-3.609771251678467,"y":-2.384185791015625e-7,"z":23.430315017700197},"rotation":{"x":0.0,"y":0.9867753982543945,"z":0.0,"w":0.16209383308887483}},{"objID":{"instanceID":14518},"objName":"CompleteTank 1","position":{"x":-2.041494369506836,"y":-2.980232238769531e-7,"z":23.455402374267579},"rotation":{"x":0.0,"y":0.986767053604126,"z":0.0,"w":0.16214483976364137}},{"objID":{"instanceID":14600},"objName":"Cube","position":{"x":-14.046218872070313,"y":2.4201626777648927,"z":20.608150482177736},"rotation":{"x":0.0,"y":0.0,"z":0.0,"w":1.0}}]}