{"obj":[{"objID":{"instanceID":-1228},"objName":"CompleteTank 2","position":{"x":-3.631498336791992,"y":-4.76837158203125e-7,"z":19.457326889038087},"rotation":{"x":0.0,"y":0.9995866417884827,"z":0.0,"w":0.028752196580171586}},{"objID":{"instanceID":14518},"objName":"CompleteTank 1","position":{"x":-2.1196846961975099,"y":-2.384185791015625e-7,"z":19.477462768554689},"rotation":{"x":0.0,"y":0.9995720386505127,"z":0.0,"w":0.029254991561174394}},{"objID":{"instanceID":14600},"objName":"Cube","position":{"x":-14.046218872070313,"y":2.4201626777648927,"z":20.608150482177736},"rotation":{"x":0.0,"y":0.0,"z":0.0,"w":1.0}}]}