{"obj":[{"objID":{"instanceID":-1228},"objName":"CompleteTank 2","position":{"x":-3.7001254558563234,"y":-1.7881393432617188e-7,"z":25.187990188598634},"rotation":{"x":0.0,"y":0.999977171421051,"z":0.0,"w":0.006769766565412283}},{"objID":{"instanceID":14518},"objName":"CompleteTank 1","position":{"x":-2.194080114364624,"y":-5.960464477539063e-8,"z":25.20806312561035},"rotation":{"x":0.0,"y":0.9999735951423645,"z":0.0,"w":0.007273080293089151}},{"objID":{"instanceID":14600},"objName":"Cube","position":{"x":-14.046218872070313,"y":2.4201626777648927,"z":20.608150482177736},"rotation":{"x":0.0,"y":0.0,"z":0.0,"w":1.0}}]}