{"obj":[{"objID":{"instanceID":-1228},"objName":"CompleteTank 2","position":{"x":-4.038412570953369,"y":-0.0000016689300537109376,"z":31.851877212524415},"rotation":{"x":0.0,"y":-0.38854438066482546,"z":0.0,"w":-0.9214299917221069}},{"objID":{"instanceID":14518},"objName":"CompleteTank 1","position":{"x":-1.9147073030471802,"y":-2.980232238769531e-7,"z":31.835763931274415},"rotation":{"x":0.0,"y":-0.3851097524166107,"z":0.0,"w":-0.9228708148002625}},{"objID":{"instanceID":14600},"objName":"Cube","position":{"x":-14.046218872070313,"y":2.4201626777648927,"z":20.608150482177736},"rotation":{"x":0.0,"y":0.0,"z":0.0,"w":1.0}}]}