{"obj":[{"objID":{"instanceID":-15084},"objName":"CompleteTank 2","position":{"x":-5.186050891876221,"y":-7.152557373046875e-7,"z":22.02240753173828},"rotation":{"x":0.0,"y":-0.282894104719162,"z":0.0,"w":0.9591511487960815}},{"objID":{"instanceID":23038},"objName":"CompleteTank 1","position":{"x":-3.083353281021118,"y":-1.7881393432617188e-7,"z":22.26318359375},"rotation":{"x":0.0,"y":-0.28468188643455508,"z":0.0,"w":0.9586220979690552}},{"objID":{"instanceID":23120},"objName":"Cube","position":{"x":-14.046218872070313,"y":2.4201626777648927,"z":20.608150482177736},"rotation":{"x":0.0,"y":0.0,"z":0.0,"w":1.0}}]}