{"obj":[{"objID":{"instanceID":-1228},"objName":"CompleteTank 2","position":{"x":-4.038459300994873,"y":-0.0000016093254089355469,"z":31.851778030395509},"rotation":{"x":0.0,"y":0.4057348072528839,"z":0.0,"w":-0.91399085521698}},{"objID":{"instanceID":14518},"objName":"CompleteTank 1","position":{"x":-1.914792776107788,"y":-2.384185791015625e-7,"z":31.8358097076416},"rotation":{"x":0.0,"y":0.40912720561027529,"z":0.0,"w":-0.912477433681488}},{"objID":{"instanceID":14600},"objName":"Cube","position":{"x":-14.046218872070313,"y":2.4201626777648927,"z":20.608150482177736},"rotation":{"x":0.0,"y":0.0,"z":0.0,"w":1.0}}]}