{"obj":[{"objID":{"instanceID":-15084},"objName":"CompleteTank 2","position":{"x":-3.657086133956909,"y":-5.960464477539063e-8,"z":21.366662979125978},"rotation":{"x":0.0,"y":0.9998902678489685,"z":0.0,"w":0.014815887436270714}},{"objID":{"instanceID":23038},"objName":"CompleteTank 1","position":{"x":-2.147195339202881,"y":-5.960464477539063e-8,"z":21.38677215576172},"rotation":{"x":0.0,"y":0.999882698059082,"z":0.0,"w":0.015318863093852997}},{"objID":{"instanceID":23120},"objName":"Cube","position":{"x":-14.046218872070313,"y":2.4201626777648927,"z":20.608150482177736},"rotation":{"x":0.0,"y":0.0,"z":0.0,"w":1.0}}]}