{"obj":[{"objID":{"instanceID":-1228},"objName":"CompleteTank 2","position":{"x":-3.6960833072662355,"y":-4.76837158203125e-7,"z":18.958026885986329},"rotation":{"x":0.0,"y":0.9563684463500977,"z":0.0,"w":0.29216328263282778}},{"objID":{"instanceID":14518},"objName":"CompleteTank 1","position":{"x":-1.9497166872024537,"y":-4.172325134277344e-7,"z":19.035091400146486},"rotation":{"x":0.0,"y":0.9557852745056152,"z":0.0,"w":0.2940657138824463}},{"objID":{"instanceID":14600},"objName":"Cube","position":{"x":-14.046218872070313,"y":2.4201626777648927,"z":20.608150482177736},"rotation":{"x":0.0,"y":0.0,"z":0.0,"w":1.0}}]}