{"obj":[{"objID":{"instanceID":-1228},"objName":"CompleteTank 2","position":{"x":-3.597987413406372,"y":1.1920928955078126e-7,"z":23.4239501953125},"rotation":{"x":0.0,"y":0.9901137948036194,"z":0.0,"w":0.14026638865470887}},{"objID":{"instanceID":14518},"objName":"CompleteTank 1","position":{"x":-2.048203706741333,"y":-2.384185791015625e-7,"z":23.445404052734376},"rotation":{"x":0.0,"y":0.9901835322380066,"z":0.0,"w":0.13977374136447907}},{"objID":{"instanceID":14600},"objName":"Cube","position":{"x":-14.046218872070313,"y":2.4201626777648927,"z":20.608150482177736},"rotation":{"x":0.0,"y":0.0,"z":0.0,"w":1.0}}]}