{"obj":[{"objID":{"instanceID":-1228},"objName":"CompleteTank 2","position":{"x":-4.846303939819336,"y":-1.1920928955078126e-7,"z":24.3590145111084},"rotation":{"x":0.0,"y":0.870675265789032,"z":0.0,"w":0.49185827374458315}},{"objID":{"instanceID":14518},"objName":"CompleteTank 1","position":{"x":-2.7538461685180666,"y":1.1920928955078126e-7,"z":24.597000122070314},"rotation":{"x":0.0,"y":0.8690164685249329,"z":0.0,"w":0.49478310346603396}},{"objID":{"instanceID":14600},"objName":"Cube","position":{"x":-14.046218872070313,"y":2.4201626777648927,"z":20.608150482177736},"rotation":{"x":0.0,"y":0.0,"z":0.0,"w":1.0}}]}