{"obj":[{"objID":{"instanceID":-15084},"objName":"CompleteTank 2","position":{"x":-3.6863644123077394,"y":-8.940696716308594e-7,"z":19.65744400024414},"rotation":{"x":0.0,"y":0.5764616131782532,"z":0.0,"w":0.8171243071556091}},{"objID":{"instanceID":23038},"objName":"CompleteTank 1","position":{"x":-1.5893323421478272,"y":0.0,"z":19.90321922302246},"rotation":{"x":0.0,"y":0.5750135183334351,"z":0.0,"w":0.818143904209137}},{"objID":{"instanceID":23120},"objName":"Cube","position":{"x":-14.046218872070313,"y":2.4201626777648927,"z":20.608150482177736},"rotation":{"x":0.0,"y":0.0,"z":0.0,"w":1.0}}]}