{"obj":[{"objID":{"instanceID":-15084},"objName":"CompleteTank 2","position":{"x":-4.66508150100708,"y":-7.152557373046875e-7,"z":21.216064453125},"rotation":{"x":0.0,"y":-0.282894104719162,"z":0.0,"w":0.9591511487960815}},{"objID":{"instanceID":23038},"objName":"CompleteTank 1","position":{"x":-2.5593791007995607,"y":-1.7881393432617188e-7,"z":21.458786010742189},"rotation":{"x":0.0,"y":-0.2846827208995819,"z":0.0,"w":0.9586218595504761}},{"objID":{"instanceID":23120},"objName":"Cube","position":{"x":-14.046218872070313,"y":2.4201626777648927,"z":20.608150482177736},"rotation":{"x":0.0,"y":0.0,"z":0.0,"w":1.0}}]}