{"obj":[{"objID":{"instanceID":-1228},"objName":"CompleteTank 2","position":{"x":-3.600703477859497,"y":-2.980232238769531e-7,"z":19.1074161529541},"rotation":{"x":0.0,"y":0.9965952038764954,"z":0.0,"w":0.08245030045509339}},{"objID":{"instanceID":14518},"objName":"CompleteTank 1","position":{"x":-2.087174415588379,"y":5.960464477539063e-8,"z":19.127046585083009},"rotation":{"x":0.0,"y":0.9965125322341919,"z":0.0,"w":0.08344317227602005}},{"objID":{"instanceID":14600},"objName":"Cube","position":{"x":-14.046218872070313,"y":2.4201626777648927,"z":20.608150482177736},"rotation":{"x":0.0,"y":0.0,"z":0.0,"w":1.0}}]}