{"obj":[{"objID":{"instanceID":-1228},"objName":"CompleteTank 2","position":{"x":-3.6094164848327638,"y":-4.172325134277344e-7,"z":19.176462173461915},"rotation":{"x":0.0,"y":0.9977623224258423,"z":0.0,"w":0.0668615773320198}},{"objID":{"instanceID":14518},"objName":"CompleteTank 1","position":{"x":-2.097320079803467,"y":0.0,"z":19.196619033813478},"rotation":{"x":0.0,"y":0.9977285265922546,"z":0.0,"w":0.0673634484410286}},{"objID":{"instanceID":14600},"objName":"Cube","position":{"x":-14.046218872070313,"y":2.4201626777648927,"z":20.608150482177736},"rotation":{"x":0.0,"y":0.0,"z":0.0,"w":1.0}}]}