{"obj":[{"objID":{"instanceID":-1228},"objName":"CompleteTank 2","position":{"x":-3.7605388164520265,"y":-1.7881393432617188e-7,"z":30.922452926635743},"rotation":{"x":0.0,"y":0.9999863505363464,"z":0.0,"w":0.0052382079884409908}},{"objID":{"instanceID":14518},"objName":"CompleteTank 1","position":{"x":-2.2601206302642824,"y":-1.7881393432617188e-7,"z":30.942453384399415},"rotation":{"x":0.0,"y":0.9999833106994629,"z":0.0,"w":0.005788132082670927}},{"objID":{"instanceID":14600},"objName":"Cube","position":{"x":-14.046218872070313,"y":2.4201626777648927,"z":20.608150482177736},"rotation":{"x":0.0,"y":0.0,"z":0.0,"w":1.0}}]}