{"obj":[{"objID":{"instanceID":-1228},"objName":"CompleteTank 2","position":{"x":-4.039531707763672,"y":-0.0000017881393432617188,"z":31.85192108154297},"rotation":{"x":0.0,"y":-0.9661455154418945,"z":0.0,"w":-0.2579977512359619}},{"objID":{"instanceID":14518},"objName":"CompleteTank 1","position":{"x":-1.9138432741165162,"y":-8.344650268554688e-7,"z":31.835371017456056},"rotation":{"x":0.0,"y":-0.9653175473213196,"z":0.0,"w":-0.261078804731369}},{"objID":{"instanceID":14600},"objName":"Cube","position":{"x":-14.046218872070313,"y":2.4201626777648927,"z":20.608150482177736},"rotation":{"x":0.0,"y":0.0,"z":0.0,"w":1.0}}]}