{"obj":[{"objID":{"instanceID":-1228},"objName":"CompleteTank 2","position":{"x":-3.605624198913574,"y":-1.7881393432617188e-7,"z":23.528303146362306},"rotation":{"x":0.0,"y":0.9951598048210144,"z":0.0,"w":0.09827025979757309}},{"objID":{"instanceID":14518},"objName":"CompleteTank 1","position":{"x":-2.082277297973633,"y":-1.7881393432617188e-7,"z":23.548526763916017},"rotation":{"x":0.0,"y":0.995053768157959,"z":0.0,"w":0.09933845698833466}},{"objID":{"instanceID":14600},"objName":"Cube","position":{"x":-14.046218872070313,"y":2.4201626777648927,"z":20.608150482177736},"rotation":{"x":0.0,"y":0.0,"z":0.0,"w":1.0}}]}