{"obj":[{"objID":{"instanceID":-1228},"objName":"CompleteTank 2","position":{"x":-3.6160781383514406,"y":-6.556510925292969e-7,"z":18.986730575561525},"rotation":{"x":0.0,"y":0.98233962059021,"z":0.0,"w":0.18710672855377198}},{"objID":{"instanceID":14518},"objName":"CompleteTank 1","position":{"x":-2.0224392414093019,"y":-2.384185791015625e-7,"z":19.016658782958986},"rotation":{"x":0.0,"y":0.9823218584060669,"z":0.0,"w":0.18720018863677979}},{"objID":{"instanceID":14600},"objName":"Cube","position":{"x":-14.046218872070313,"y":2.4201626777648927,"z":20.608150482177736},"rotation":{"x":0.0,"y":0.0,"z":0.0,"w":1.0}}]}