{"obj":[{"objID":{"instanceID":-1228},"objName":"CompleteTank 2","position":{"x":-3.598093271255493,"y":-5.364418029785156e-7,"z":19.02882957458496},"rotation":{"x":0.0,"y":0.9925635457038879,"z":0.0,"w":0.12172791361808777}},{"objID":{"instanceID":14518},"objName":"CompleteTank 1","position":{"x":-2.0609378814697267,"y":-2.980232238769531e-7,"z":19.05028533935547},"rotation":{"x":0.0,"y":0.9924347400665283,"z":0.0,"w":0.12277361005544663}},{"objID":{"instanceID":14600},"objName":"Cube","position":{"x":-14.046218872070313,"y":2.4201626777648927,"z":20.608150482177736},"rotation":{"x":0.0,"y":0.0,"z":0.0,"w":1.0}}]}