{"obj":[{"objID":{"instanceID":-15084},"objName":"CompleteTank 2","position":{"x":-3.553229808807373,"y":-4.172325134277344e-7,"z":20.1185359954834},"rotation":{"x":0.0,"y":0.9921562671661377,"z":0.0,"w":0.12500418722629548}},{"objID":{"instanceID":23038},"objName":"CompleteTank 1","position":{"x":-2.0137860774993898,"y":0.0,"z":20.140823364257814},"rotation":{"x":0.0,"y":0.9920169711112976,"z":0.0,"w":0.12610438466072083}},{"objID":{"instanceID":23120},"objName":"Cube","position":{"x":-14.046218872070313,"y":2.4201626777648927,"z":20.608150482177736},"rotation":{"x":0.0,"y":0.0,"z":0.0,"w":1.0}}]}