{"obj":[{"objID":{"instanceID":-15084},"objName":"CompleteTank 2","position":{"x":-10.387909889221192,"y":-0.0000014901161193847657,"z":30.573013305664064},"rotation":{"x":0.0,"y":-0.5064172744750977,"z":0.0,"w":0.8622885942459106}},{"objID":{"instanceID":23038},"objName":"CompleteTank 1","position":{"x":-9.24110221862793,"y":5.960464477539063e-8,"z":31.89925193786621},"rotation":{"x":0.0,"y":-0.4437367022037506,"z":0.0,"w":0.8961572051048279}},{"objID":{"instanceID":23120},"objName":"Cube","position":{"x":-14.046218872070313,"y":2.4201626777648927,"z":20.608150482177736},"rotation":{"x":0.0,"y":0.0,"z":0.0,"w":1.0}}]}