{"obj":[{"objID":{"instanceID":-15084},"objName":"CompleteTank 2","position":{"x":-10.391034126281739,"y":-0.0000013709068298339844,"z":30.575429916381837},"rotation":{"x":0.0,"y":-0.5069037079811096,"z":0.0,"w":0.8620027303695679}},{"objID":{"instanceID":23038},"objName":"CompleteTank 1","position":{"x":-9.245498657226563,"y":-1.1920928955078126e-7,"z":31.899267196655275},"rotation":{"x":0.0,"y":-0.44372808933258059,"z":0.0,"w":0.8961614966392517}},{"objID":{"instanceID":23120},"objName":"Cube","position":{"x":-14.046218872070313,"y":2.4201626777648927,"z":20.608150482177736},"rotation":{"x":0.0,"y":0.0,"z":0.0,"w":1.0}}]}