{"obj":[{"objID":{"instanceID":-1228},"objName":"CompleteTank 2","position":{"x":-3.600266695022583,"y":-8.344650268554688e-7,"z":19.00629997253418},"rotation":{"x":0.0,"y":0.9896904230117798,"z":0.0,"w":0.14322367310523988}},{"objID":{"instanceID":14518},"objName":"CompleteTank 1","position":{"x":-2.0481040477752687,"y":-3.5762786865234377e-7,"z":19.02922821044922},"rotation":{"x":0.0,"y":0.9897752404212952,"z":0.0,"w":0.14263640344142915}},{"objID":{"instanceID":14600},"objName":"Cube","position":{"x":-14.046218872070313,"y":2.4201626777648927,"z":20.608150482177736},"rotation":{"x":0.0,"y":0.0,"z":0.0,"w":1.0}}]}