{"obj":[{"objID":{"instanceID":-15084},"objName":"CompleteTank 2","position":{"x":-3.6863644123077394,"y":-5.960464477539063e-7,"z":19.65744400024414},"rotation":{"x":0.0,"y":0.8191727995872498,"z":0.0,"w":0.5735467076301575}},{"objID":{"instanceID":23038},"objName":"CompleteTank 1","position":{"x":-1.5893326997756959,"y":-2.980232238769531e-7,"z":19.90321922302246},"rotation":{"x":0.0,"y":0.8181558847427368,"z":0.0,"w":0.5749965906143189}},{"objID":{"instanceID":23120},"objName":"Cube","position":{"x":-14.046218872070313,"y":2.4201626777648927,"z":20.608150482177736},"rotation":{"x":0.0,"y":0.0,"z":0.0,"w":1.0}}]}