{"obj":[{"objID":{"instanceID":-1228},"objName":"CompleteTank 2","position":{"x":-4.038333892822266,"y":-0.0000017881393432617188,"z":31.851877212524415},"rotation":{"x":0.0,"y":0.31787997484207156,"z":0.0,"w":-0.9481309652328491}},{"objID":{"instanceID":14518},"objName":"CompleteTank 1","position":{"x":-1.914828896522522,"y":0.0,"z":31.83576202392578},"rotation":{"x":0.0,"y":0.32145360112190249,"z":0.0,"w":-0.9469253420829773}},{"objID":{"instanceID":14600},"objName":"Cube","position":{"x":-14.046218872070313,"y":2.4201626777648927,"z":20.608150482177736},"rotation":{"x":0.0,"y":0.0,"z":0.0,"w":1.0}}]}