{"obj":[{"objID":{"instanceID":-15084},"objName":"CompleteTank 2","position":{"x":-10.439202308654786,"y":-0.0000011920928955078126,"z":30.516860961914064},"rotation":{"x":0.0,"y":-0.458598792552948,"z":0.0,"w":0.8886434435844421}},{"objID":{"instanceID":23038},"objName":"CompleteTank 1","position":{"x":-9.000823974609375,"y":-5.960464477539063e-8,"z":31.42315673828125},"rotation":{"x":0.0,"y":-0.3241514265537262,"z":0.0,"w":0.9460052251815796}},{"objID":{"instanceID":23120},"objName":"Cube","position":{"x":-14.046218872070313,"y":2.4201626777648927,"z":20.608150482177736},"rotation":{"x":0.0,"y":0.0,"z":0.0,"w":1.0}}]}