{"obj":[{"objID":{"instanceID":-15084},"objName":"CompleteTank 2","position":{"x":-10.49040412902832,"y":-9.5367431640625e-7,"z":30.340736389160158},"rotation":{"x":0.0,"y":-0.33050277829170229,"z":0.0,"w":0.9438050985336304}},{"objID":{"instanceID":23038},"objName":"CompleteTank 1","position":{"x":-8.5662260055542,"y":-5.960464477539063e-8,"z":30.680452346801759},"rotation":{"x":0.0,"y":-0.2846809923648834,"z":0.0,"w":0.9586223363876343}},{"objID":{"instanceID":23120},"objName":"Cube","position":{"x":-14.046218872070313,"y":2.4201626777648927,"z":20.608150482177736},"rotation":{"x":0.0,"y":0.0,"z":0.0,"w":1.0}}]}