{"obj":[{"objID":{"instanceID":-1228},"objName":"CompleteTank 2","position":{"x":-3.8816492557525636,"y":-5.960464477539063e-7,"z":18.86182975769043},"rotation":{"x":0.0,"y":0.6510958671569824,"z":0.0,"w":0.758995532989502}},{"objID":{"instanceID":14518},"objName":"CompleteTank 1","position":{"x":-1.7860877513885499,"y":-3.5762786865234377e-7,"z":19.107126235961915},"rotation":{"x":0.0,"y":0.6496957540512085,"z":0.0,"w":0.7601943612098694}},{"objID":{"instanceID":14600},"objName":"Cube","position":{"x":-14.046218872070313,"y":2.4201626777648927,"z":20.608150482177736},"rotation":{"x":0.0,"y":0.0,"z":0.0,"w":1.0}}]}