{"obj":[{"objID":{"instanceID":-1228},"objName":"CompleteTank 2","position":{"x":-4.038333892822266,"y":-0.0000017285346984863282,"z":31.851877212524415},"rotation":{"x":0.0,"y":0.13458697497844697,"z":0.0,"w":-0.99090176820755}},{"objID":{"instanceID":14518},"objName":"CompleteTank 1","position":{"x":-1.9148296117782593,"y":-5.960464477539063e-8,"z":31.83576202392578},"rotation":{"x":0.0,"y":0.1383228749036789,"z":0.0,"w":-0.9903872013092041}},{"objID":{"instanceID":14600},"objName":"Cube","position":{"x":-14.046218872070313,"y":2.4201626777648927,"z":20.608150482177736},"rotation":{"x":0.0,"y":0.0,"z":0.0,"w":1.0}}]}