{"obj":[{"objID":{"instanceID":-15084},"objName":"CompleteTank 2","position":{"x":-3.7475152015686037,"y":-7.152557373046875e-7,"z":19.76877212524414},"rotation":{"x":0.0,"y":-0.2483414262533188,"z":0.0,"w":0.9686725735664368}},{"objID":{"instanceID":23038},"objName":"CompleteTank 1","position":{"x":-1.636415958404541,"y":0.0,"z":20.014934539794923},"rotation":{"x":0.0,"y":-0.250148743391037,"z":0.0,"w":0.9682074189186096}},{"objID":{"instanceID":23120},"objName":"Cube","position":{"x":-14.046218872070313,"y":2.4201626777648927,"z":20.608150482177736},"rotation":{"x":0.0,"y":0.0,"z":0.0,"w":1.0}}]}