{"obj":[{"objID":{"instanceID":-15084},"objName":"CompleteTank 2","position":{"x":-3.6863646507263185,"y":-7.748603820800781e-7,"z":19.65744400024414},"rotation":{"x":0.0,"y":0.8535698652267456,"z":0.0,"w":0.5209784507751465}},{"objID":{"instanceID":23038},"objName":"CompleteTank 1","position":{"x":-1.5893323421478272,"y":-2.384185791015625e-7,"z":19.903217315673829},"rotation":{"x":0.0,"y":0.852645993232727,"z":0.0,"w":0.5224891901016235}},{"objID":{"instanceID":23120},"objName":"Cube","position":{"x":-14.046218872070313,"y":2.4201626777648927,"z":20.608150482177736},"rotation":{"x":0.0,"y":0.0,"z":0.0,"w":1.0}}]}