{"obj":[{"objID":{"instanceID":-1228},"objName":"CompleteTank 2","position":{"x":-3.7515642642974855,"y":-4.172325134277344e-7,"z":31.83814811706543},"rotation":{"x":0.0,"y":0.9919411540031433,"z":0.0,"w":-0.12669971585273744}},{"objID":{"instanceID":14518},"objName":"CompleteTank 1","position":{"x":-2.2028861045837404,"y":-1.7881393432617188e-7,"z":31.85038185119629},"rotation":{"x":0.0,"y":0.991904079914093,"z":0.0,"w":-0.12698979675769807}},{"objID":{"instanceID":14600},"objName":"Cube","position":{"x":-14.046218872070313,"y":2.4201626777648927,"z":20.608150482177736},"rotation":{"x":0.0,"y":0.0,"z":0.0,"w":1.0}}]}