{"obj":[{"objID":{"instanceID":-1228},"objName":"CompleteTank 2","position":{"x":-4.107487678527832,"y":-5.960464477539063e-8,"z":23.867603302001954},"rotation":{"x":0.0,"y":0.9295178651809692,"z":0.0,"w":0.36877715587615969}},{"objID":{"instanceID":14518},"objName":"CompleteTank 1","position":{"x":-2.2139554023742677,"y":-2.980232238769531e-7,"z":24.011085510253908},"rotation":{"x":0.0,"y":0.9323542714118958,"z":0.0,"w":0.36154618859291079}},{"objID":{"instanceID":14600},"objName":"Cube","position":{"x":-14.046218872070313,"y":2.4201626777648927,"z":20.608150482177736},"rotation":{"x":0.0,"y":0.0,"z":0.0,"w":1.0}}]}