{"obj":[{"objID":{"instanceID":-1228},"objName":"CompleteTank 2","position":{"x":-4.373354434967041,"y":-2.980232238769531e-7,"z":24.04718780517578},"rotation":{"x":0.0,"y":0.9110404849052429,"z":0.0,"w":0.4123169183731079}},{"objID":{"instanceID":14518},"objName":"CompleteTank 1","position":{"x":-2.3699772357940676,"y":0.0,"z":24.250843048095704},"rotation":{"x":0.0,"y":0.9121770858764648,"z":0.0,"w":0.40979620814323428}},{"objID":{"instanceID":14600},"objName":"Cube","position":{"x":-14.046218872070313,"y":2.4201626777648927,"z":20.608150482177736},"rotation":{"x":0.0,"y":0.0,"z":0.0,"w":1.0}}]}