{"obj":[{"objID":{"instanceID":-1228},"objName":"CompleteTank 2","position":{"x":-3.918194055557251,"y":-0.0000011324882507324219,"z":31.84401512145996},"rotation":{"x":0.0,"y":0.9461612105369568,"z":0.0,"w":-0.3236958980560303}},{"objID":{"instanceID":14518},"objName":"CompleteTank 1","position":{"x":-2.0391340255737306,"y":-1.1920928955078126e-7,"z":31.842344284057618},"rotation":{"x":0.0,"y":0.9453493356704712,"z":0.0,"w":-0.32605934143066409}},{"objID":{"instanceID":14600},"objName":"Cube","position":{"x":-14.046218872070313,"y":2.4201626777648927,"z":20.608150482177736},"rotation":{"x":0.0,"y":0.0,"z":0.0,"w":1.0}}]}