{"obj":[{"objID":{"instanceID":-1228},"objName":"CompleteTank 2","position":{"x":-4.030952453613281,"y":-0.0000014901161193847657,"z":31.848953247070314},"rotation":{"x":0.0,"y":0.6905826330184937,"z":0.0,"w":-0.7232534885406494}},{"objID":{"instanceID":14518},"objName":"CompleteTank 1","position":{"x":-1.9223003387451172,"y":-1.7881393432617188e-7,"z":31.837642669677736},"rotation":{"x":0.0,"y":0.6933358311653137,"z":0.0,"w":-0.7206146717071533}},{"objID":{"instanceID":14600},"objName":"Cube","position":{"x":-14.046218872070313,"y":2.4201626777648927,"z":20.608150482177736},"rotation":{"x":0.0,"y":0.0,"z":0.0,"w":1.0}}]}