{"obj":[{"objID":{"instanceID":-1228},"objName":"CompleteTank 2","position":{"x":-4.030952453613281,"y":-0.0000016689300537109376,"z":31.848953247070314},"rotation":{"x":0.0,"y":0.775784969329834,"z":0.0,"w":-0.6309974193572998}},{"objID":{"instanceID":14518},"objName":"CompleteTank 1","position":{"x":-1.922300100326538,"y":-2.384185791015625e-7,"z":31.837642669677736},"rotation":{"x":0.0,"y":0.7781857252120972,"z":0.0,"w":-0.6280343532562256}},{"objID":{"instanceID":14600},"objName":"Cube","position":{"x":-14.046218872070313,"y":2.4201626777648927,"z":20.608150482177736},"rotation":{"x":0.0,"y":0.0,"z":0.0,"w":1.0}}]}