{"obj":[{"objID":{"instanceID":-1228},"objName":"CompleteTank 2","position":{"x":-3.677649736404419,"y":5.960464477539063e-8,"z":24.303298950195314},"rotation":{"x":0.0,"y":0.9995884299278259,"z":0.0,"w":0.02868655137717724}},{"objID":{"instanceID":14518},"objName":"CompleteTank 1","position":{"x":-2.1707141399383547,"y":-2.384185791015625e-7,"z":24.323394775390626},"rotation":{"x":0.0,"y":0.9995739459991455,"z":0.0,"w":0.02918967232108116}},{"objID":{"instanceID":14600},"objName":"Cube","position":{"x":-14.046218872070313,"y":2.4201626777648927,"z":20.608150482177736},"rotation":{"x":0.0,"y":0.0,"z":0.0,"w":1.0}}]}