{"obj":[{"objID":{"instanceID":-1228},"objName":"CompleteTank 2","position":{"x":-3.8890511989593508,"y":-5.364418029785156e-7,"z":18.861629486083986},"rotation":{"x":0.0,"y":0.3585558533668518,"z":0.0,"w":0.9335082769393921}},{"objID":{"instanceID":14518},"objName":"CompleteTank 1","position":{"x":-1.7794702053070069,"y":-6.556510925292969e-7,"z":19.107528686523439},"rotation":{"x":0.0,"y":0.3565690517425537,"z":0.0,"w":0.9342690110206604}},{"objID":{"instanceID":14600},"objName":"Cube","position":{"x":-14.046218872070313,"y":2.4201626777648927,"z":20.608150482177736},"rotation":{"x":0.0,"y":0.0,"z":0.0,"w":1.0}}]}