{"obj":[{"objID":{"instanceID":-15084},"objName":"CompleteTank 2","position":{"x":-3.986323356628418,"y":-7.152557373046875e-7,"z":20.16469955444336},"rotation":{"x":0.0,"y":-0.2813229560852051,"z":0.0,"w":0.9596131443977356}},{"objID":{"instanceID":23038},"objName":"CompleteTank 1","position":{"x":-1.876700520515442,"y":-2.980232238769531e-7,"z":20.40996551513672},"rotation":{"x":0.0,"y":-0.2831135392189026,"z":0.0,"w":0.9590864777565002}},{"objID":{"instanceID":23120},"objName":"Cube","position":{"x":-14.046218872070313,"y":2.4201626777648927,"z":20.608150482177736},"rotation":{"x":0.0,"y":0.0,"z":0.0,"w":1.0}}]}