{"obj":[{"objID":{"instanceID":-15084},"objName":"CompleteTank 2","position":{"x":-3.66151762008667,"y":-1.7881393432617188e-7,"z":21.59160804748535},"rotation":{"x":0.0,"y":0.9999515414237976,"z":0.0,"w":0.009848439134657383}},{"objID":{"instanceID":23038},"objName":"CompleteTank 1","position":{"x":-2.151853084564209,"y":-2.384185791015625e-7,"z":21.611713409423829},"rotation":{"x":0.0,"y":0.9999464750289917,"z":0.0,"w":0.010351446457207203}},{"objID":{"instanceID":23120},"objName":"Cube","position":{"x":-14.046218872070313,"y":2.4201626777648927,"z":20.608150482177736},"rotation":{"x":0.0,"y":0.0,"z":0.0,"w":1.0}}]}