{"obj":[{"objID":{"instanceID":-15084},"objName":"CompleteTank 2","position":{"x":-10.414386749267579,"y":-0.0000011920928955078126,"z":30.554492950439454},"rotation":{"x":0.0,"y":-0.4890120029449463,"z":0.0,"w":0.8722770810127258}},{"objID":{"instanceID":23038},"objName":"CompleteTank 1","position":{"x":-9.14479923248291,"y":0.0,"z":31.747072219848634},"rotation":{"x":0.0,"y":-0.4280839264392853,"z":0.0,"w":0.9037389755249023}},{"objID":{"instanceID":23120},"objName":"Cube","position":{"x":-14.046218872070313,"y":2.4201626777648927,"z":20.608150482177736},"rotation":{"x":0.0,"y":0.0,"z":0.0,"w":1.0}}]}