{"obj":[{"objID":{"instanceID":-15084},"objName":"CompleteTank 2","position":{"x":-10.419466972351075,"y":-0.0000013113021850585938,"z":30.54645538330078},"rotation":{"x":0.0,"y":-0.48290225863456728,"z":0.0,"w":0.875674307346344}},{"objID":{"instanceID":23038},"objName":"CompleteTank 1","position":{"x":-9.107678413391114,"y":-2.384185791015625e-7,"z":31.685457229614259},"rotation":{"x":0.0,"y":-0.4114129841327667,"z":0.0,"w":0.911449134349823}},{"objID":{"instanceID":23120},"objName":"Cube","position":{"x":-14.046218872070313,"y":2.4201626777648927,"z":20.608150482177736},"rotation":{"x":0.0,"y":0.0,"z":0.0,"w":1.0}}]}