{"obj":[{"objID":{"instanceID":-1228},"objName":"CompleteTank 2","position":{"x":-3.6363027095794679,"y":-4.172325134277344e-7,"z":19.579174041748048},"rotation":{"x":0.0,"y":0.9998059272766113,"z":0.0,"w":0.019703468307852746}},{"objID":{"instanceID":14518},"objName":"CompleteTank 1","position":{"x":-2.1246116161346437,"y":-5.960464477539063e-8,"z":19.599306106567384},"rotation":{"x":0.0,"y":0.9997958540916443,"z":0.0,"w":0.020206375047564508}},{"objID":{"instanceID":14600},"objName":"Cube","position":{"x":-14.046218872070313,"y":2.4201626777648927,"z":20.608150482177736},"rotation":{"x":0.0,"y":0.0,"z":0.0,"w":1.0}}]}