{"obj":[{"objID":{"instanceID":-1228},"objName":"CompleteTank 2","position":{"x":-4.039531707763672,"y":-0.000002086162567138672,"z":31.85192108154297},"rotation":{"x":0.0,"y":-0.9992392063140869,"z":0.0,"w":0.0390017069876194}},{"objID":{"instanceID":14518},"objName":"CompleteTank 1","position":{"x":-1.9138432741165162,"y":-0.0000011920928955078126,"z":31.835371017456056},"rotation":{"x":0.0,"y":-0.9993584752082825,"z":0.0,"w":0.03581356629729271}},{"objID":{"instanceID":14600},"objName":"Cube","position":{"x":-14.046218872070313,"y":2.4201626777648927,"z":20.608150482177736},"rotation":{"x":0.0,"y":0.0,"z":0.0,"w":1.0}}]}