{"obj":[{"objID":{"instanceID":-1228},"objName":"CompleteTank 2","position":{"x":-4.0391998291015629,"y":-0.0000019073486328125,"z":31.85177993774414},"rotation":{"x":0.0,"y":-0.9007356762886047,"z":0.0,"w":-0.43436765670776369}},{"objID":{"instanceID":14518},"objName":"CompleteTank 1","position":{"x":-1.9141759872436524,"y":-5.364418029785156e-7,"z":31.835819244384767},"rotation":{"x":0.0,"y":-0.8992471098899841,"z":0.0,"w":-0.4374412000179291}},{"objID":{"instanceID":14600},"objName":"Cube","position":{"x":-14.046218872070313,"y":2.4201626777648927,"z":20.608150482177736},"rotation":{"x":0.0,"y":0.0,"z":0.0,"w":1.0}}]}