{"obj":[{"objID":{"instanceID":-1228},"objName":"CompleteTank 2","position":{"x":-3.590348720550537,"y":-1.7881393432617188e-7,"z":23.42251205444336},"rotation":{"x":0.0,"y":0.9929574131965637,"z":0.0,"w":0.11847230046987534}},{"objID":{"instanceID":14518},"objName":"CompleteTank 1","position":{"x":-2.055152177810669,"y":1.1920928955078126e-7,"z":23.44407844543457},"rotation":{"x":0.0,"y":0.9928332567214966,"z":0.0,"w":0.11950752139091492}},{"objID":{"instanceID":14600},"objName":"Cube","position":{"x":-14.046218872070313,"y":2.4201626777648927,"z":20.608150482177736},"rotation":{"x":0.0,"y":0.0,"z":0.0,"w":1.0}}]}