{"obj":[{"objID":{"instanceID":-15084},"objName":"CompleteTank 2","position":{"x":-10.38653564453125,"y":-0.0000013709068298339844,"z":30.571414947509767},"rotation":{"x":0.0,"y":-0.5069122314453125,"z":0.0,"w":0.861997663974762}},{"objID":{"instanceID":23038},"objName":"CompleteTank 1","position":{"x":-9.241086959838868,"y":-0.0000024437904357910158,"z":31.899208068847658},"rotation":{"x":0.0,"y":-0.4437517821788788,"z":0.0,"w":0.8961498141288757}},{"objID":{"instanceID":23120},"objName":"Cube","position":{"x":-14.046218872070313,"y":2.4201626777648927,"z":20.608150482177736},"rotation":{"x":0.0,"y":0.0,"z":0.0,"w":1.0}}]}