{"obj":[{"objID":{"instanceID":-1228},"objName":"CompleteTank 2","position":{"x":-5.225069999694824,"y":-4.172325134277344e-7,"z":24.57102394104004},"rotation":{"x":0.0,"y":0.8380784392356873,"z":0.0,"w":0.5455498099327087}},{"objID":{"instanceID":14518},"objName":"CompleteTank 1","position":{"x":-3.134051561355591,"y":-1.1920928955078126e-7,"z":24.806480407714845},"rotation":{"x":0.0,"y":0.8362350463867188,"z":0.0,"w":0.5483712553977966}},{"objID":{"instanceID":14600},"objName":"Cube","position":{"x":-14.046218872070313,"y":2.4201626777648927,"z":20.608150482177736},"rotation":{"x":0.0,"y":0.0,"z":0.0,"w":1.0}}]}