{"obj":[{"objID":{"instanceID":-1228},"objName":"CompleteTank 2","position":{"x":-4.030952453613281,"y":-0.0000015497207641601563,"z":31.848953247070314},"rotation":{"x":0.0,"y":0.5689387321472168,"z":0.0,"w":-0.8223798871040344}},{"objID":{"instanceID":14518},"objName":"CompleteTank 1","position":{"x":-1.9223008155822755,"y":1.1920928955078126e-7,"z":31.837642669677736},"rotation":{"x":0.0,"y":0.5720711350440979,"z":0.0,"w":-0.820203959941864}},{"objID":{"instanceID":14600},"objName":"Cube","position":{"x":-14.046218872070313,"y":2.4201626777648927,"z":20.608150482177736},"rotation":{"x":0.0,"y":0.0,"z":0.0,"w":1.0}}]}