{"obj":[{"objID":{"instanceID":-1228},"objName":"CompleteTank 2","position":{"x":-3.638040781021118,"y":-1.7881393432617188e-7,"z":23.798015594482423},"rotation":{"x":0.0,"y":0.9978558421134949,"z":0.0,"w":0.06545067578554154}},{"objID":{"instanceID":14518},"objName":"CompleteTank 1","position":{"x":-2.129750967025757,"y":0.0,"z":23.8178768157959},"rotation":{"x":0.0,"y":0.9978025555610657,"z":0.0,"w":0.06625746935606003}},{"objID":{"instanceID":14600},"objName":"Cube","position":{"x":-14.046218872070313,"y":2.4201626777648927,"z":20.608150482177736},"rotation":{"x":0.0,"y":0.0,"z":0.0,"w":1.0}}]}