{"obj":[{"objID":{"instanceID":-1228},"objName":"CompleteTank 2","position":{"x":-3.749229907989502,"y":-1.1920928955078126e-7,"z":31.71031379699707},"rotation":{"x":0.0,"y":0.9985491037368774,"z":0.0,"w":-0.053848523646593097}},{"objID":{"instanceID":14518},"objName":"CompleteTank 1","position":{"x":-2.243152618408203,"y":0.0,"z":31.728614807128908},"rotation":{"x":0.0,"y":0.9986678957939148,"z":0.0,"w":-0.051598820835351947}},{"objID":{"instanceID":14600},"objName":"Cube","position":{"x":-14.046218872070313,"y":2.4201626777648927,"z":20.608150482177736},"rotation":{"x":0.0,"y":0.0,"z":0.0,"w":1.0}}]}