{"obj":[{"objID":{"instanceID":-1228},"objName":"CompleteTank 2","position":{"x":-4.038333892822266,"y":-0.0000017881393432617188,"z":31.851877212524415},"rotation":{"x":0.0,"y":-0.022082222625613214,"z":0.0,"w":-0.9997561573982239}},{"objID":{"instanceID":14518},"objName":"CompleteTank 1","position":{"x":-1.914829969406128,"y":0.0,"z":31.83576202392578},"rotation":{"x":0.0,"y":-0.01831151358783245,"z":0.0,"w":-0.9998323321342468}},{"objID":{"instanceID":14600},"objName":"Cube","position":{"x":-14.046218872070313,"y":2.4201626777648927,"z":20.608150482177736},"rotation":{"x":0.0,"y":0.0,"z":0.0,"w":1.0}}]}