{"obj":[{"objID":{"instanceID":-1228},"objName":"CompleteTank 2","position":{"x":-3.6338424682617189,"y":-3.5762786865234377e-7,"z":18.889528274536134},"rotation":{"x":0.0,"y":0.9999862313270569,"z":0.0,"w":0.005261681973934174}},{"objID":{"instanceID":14518},"objName":"CompleteTank 1","position":{"x":-2.1214563846588136,"y":-2.384185791015625e-7,"z":18.909652709960939},"rotation":{"x":0.0,"y":0.9999834299087524,"z":0.0,"w":0.0057645500637590889}},{"objID":{"instanceID":14600},"objName":"Cube","position":{"x":-14.046218872070313,"y":2.4201626777648927,"z":20.608150482177736},"rotation":{"x":0.0,"y":0.0,"z":0.0,"w":1.0}}]}