{"obj":[{"objID":{"instanceID":-1228},"objName":"CompleteTank 2","position":{"x":-3.8668053150177,"y":-9.5367431640625e-7,"z":31.83978271484375},"rotation":{"x":0.0,"y":0.9591858983039856,"z":0.0,"w":-0.28277629613876345}},{"objID":{"instanceID":14518},"objName":"CompleteTank 1","position":{"x":-2.089792251586914,"y":-1.1920928955078126e-7,"z":31.846769332885743},"rotation":{"x":0.0,"y":0.9584857225418091,"z":0.0,"w":-0.28514066338539126}},{"objID":{"instanceID":14600},"objName":"Cube","position":{"x":-14.046218872070313,"y":2.4201626777648927,"z":20.608150482177736},"rotation":{"x":0.0,"y":0.0,"z":0.0,"w":1.0}}]}