{"obj":[{"objID":{"instanceID":-15084},"objName":"CompleteTank 2","position":{"x":-3.776411294937134,"y":-8.344650268554688e-7,"z":19.82142448425293},"rotation":{"x":0.0,"y":-0.2590651214122772,"z":0.0,"w":0.9658598899841309}},{"objID":{"instanceID":23038},"objName":"CompleteTank 1","position":{"x":-1.66550874710083,"y":0.0,"z":20.06747817993164},"rotation":{"x":0.0,"y":-0.2608669400215149,"z":0.0,"w":0.965374767780304}},{"objID":{"instanceID":23120},"objName":"Cube","position":{"x":-14.046218872070313,"y":2.4201626777648927,"z":20.608150482177736},"rotation":{"x":0.0,"y":0.0,"z":0.0,"w":1.0}}]}