{"obj":[{"objID":{"instanceID":-15084},"objName":"CompleteTank 2","position":{"x":-5.576777935028076,"y":-7.152557373046875e-7,"z":22.627164840698243},"rotation":{"x":0.0,"y":-0.282894104719162,"z":0.0,"w":0.9591511487960815}},{"objID":{"instanceID":23038},"objName":"CompleteTank 1","position":{"x":-3.4763331413269045,"y":-1.7881393432617188e-7,"z":22.86648178100586},"rotation":{"x":0.0,"y":-0.2846812605857849,"z":0.0,"w":0.9586222767829895}},{"objID":{"instanceID":23120},"objName":"Cube","position":{"x":-14.046218872070313,"y":2.4201626777648927,"z":20.608150482177736},"rotation":{"x":0.0,"y":0.0,"z":0.0,"w":1.0}}]}