{"obj":[{"objID":{"instanceID":-1228},"objName":"CompleteTank 2","position":{"x":-3.8816487789154054,"y":-5.960464477539063e-7,"z":18.86182975769043},"rotation":{"x":0.0,"y":0.49734118580818179,"z":0.0,"w":0.8675550818443298}},{"objID":{"instanceID":14518},"objName":"CompleteTank 1","position":{"x":-1.7860876321792603,"y":-3.5762786865234377e-7,"z":19.107126235961915},"rotation":{"x":0.0,"y":0.4957411587238312,"z":0.0,"w":0.868470311164856}},{"objID":{"instanceID":14600},"objName":"Cube","position":{"x":-14.046218872070313,"y":2.4201626777648927,"z":20.608150482177736},"rotation":{"x":0.0,"y":0.0,"z":0.0,"w":1.0}}]}