{"obj":[{"objID":{"instanceID":-1228},"objName":"CompleteTank 2","position":{"x":-3.7629435062408449,"y":-1.1920928955078126e-7,"z":31.344255447387697},"rotation":{"x":0.0,"y":0.9999611973762512,"z":0.0,"w":-0.008811213076114655}},{"objID":{"instanceID":14518},"objName":"CompleteTank 1","position":{"x":-2.262403726577759,"y":0.0,"z":31.36412811279297},"rotation":{"x":0.0,"y":0.999967634677887,"z":0.0,"w":-0.0080496147274971}},{"objID":{"instanceID":14600},"objName":"Cube","position":{"x":-14.046218872070313,"y":2.4201626777648927,"z":20.608150482177736},"rotation":{"x":0.0,"y":0.0,"z":0.0,"w":1.0}}]}