{"obj":[{"objID":{"instanceID":-1228},"objName":"CompleteTank 2","position":{"x":-3.881754159927368,"y":-5.960464477539063e-7,"z":18.861894607543947},"rotation":{"x":0.0,"y":0.8696881532669067,"z":0.0,"w":0.4936017096042633}},{"objID":{"instanceID":14518},"objName":"CompleteTank 1","position":{"x":-1.786086082458496,"y":-3.5762786865234377e-7,"z":19.107118606567384},"rotation":{"x":0.0,"y":0.8687941431999207,"z":0.0,"w":0.4951735734939575}},{"objID":{"instanceID":14600},"objName":"Cube","position":{"x":-14.046218872070313,"y":2.4201626777648927,"z":20.608150482177736},"rotation":{"x":0.0,"y":0.0,"z":0.0,"w":1.0}}]}