{"obj":[{"objID":{"instanceID":-1228},"objName":"CompleteTank 2","position":{"x":-3.771151304244995,"y":-5.364418029785156e-7,"z":31.8371639251709},"rotation":{"x":0.0,"y":0.9857083559036255,"z":0.0,"w":-0.168460875749588}},{"objID":{"instanceID":14518},"objName":"CompleteTank 1","position":{"x":-2.183397054672241,"y":-2.384185791015625e-7,"z":31.849855422973634},"rotation":{"x":0.0,"y":0.9856841564178467,"z":0.0,"w":-0.16860266029834748}},{"objID":{"instanceID":14600},"objName":"Cube","position":{"x":-14.046218872070313,"y":2.4201626777648927,"z":20.608150482177736},"rotation":{"x":0.0,"y":0.0,"z":0.0,"w":1.0}}]}