{"obj":[{"objID":{"instanceID":-15084},"objName":"CompleteTank 2","position":{"x":-5.707020282745361,"y":-7.152557373046875e-7,"z":22.828750610351564},"rotation":{"x":0.0,"y":-0.282894104719162,"z":0.0,"w":0.9591511487960815}},{"objID":{"instanceID":23038},"objName":"CompleteTank 1","position":{"x":-3.6073262691497804,"y":-1.1920928955078126e-7,"z":23.067581176757814},"rotation":{"x":0.0,"y":-0.2846810519695282,"z":0.0,"w":0.9586223363876343}},{"objID":{"instanceID":23120},"objName":"Cube","position":{"x":-14.046218872070313,"y":2.4201626777648927,"z":20.608150482177736},"rotation":{"x":0.0,"y":0.0,"z":0.0,"w":1.0}}]}