{"obj":[{"objID":{"instanceID":-1228},"objName":"CompleteTank 2","position":{"x":-3.6179544925689699,"y":-4.172325134277344e-7,"z":19.25739860534668},"rotation":{"x":0.0,"y":0.998619556427002,"z":0.0,"w":0.052527062594890597}},{"objID":{"instanceID":14518},"objName":"CompleteTank 1","position":{"x":-2.1059396266937258,"y":-5.960464477539063e-8,"z":19.27754783630371},"rotation":{"x":0.0,"y":0.9985929727554321,"z":0.0,"w":0.053029369562864307}},{"objID":{"instanceID":14600},"objName":"Cube","position":{"x":-14.046218872070313,"y":2.4201626777648927,"z":20.608150482177736},"rotation":{"x":0.0,"y":0.0,"z":0.0,"w":1.0}}]}