{"obj":[{"objID":{"instanceID":-1228},"objName":"CompleteTank 2","position":{"x":-4.038333892822266,"y":-0.0000020265579223632814,"z":31.851877212524415},"rotation":{"x":0.0,"y":0.28794142603874209,"z":0.0,"w":-0.9576480984687805}},{"objID":{"instanceID":14518},"objName":"CompleteTank 1","position":{"x":-1.914828896522522,"y":0.0,"z":31.83576202392578},"rotation":{"x":0.0,"y":0.2915513217449188,"z":0.0,"w":-0.956555187702179}},{"objID":{"instanceID":14600},"objName":"Cube","position":{"x":-14.046218872070313,"y":2.4201626777648927,"z":20.608150482177736},"rotation":{"x":0.0,"y":0.0,"z":0.0,"w":1.0}}]}