{"obj":[{"objID":{"instanceID":-15084},"objName":"CompleteTank 2","position":{"x":-9.874774932861329,"y":-7.152557373046875e-7,"z":29.279495239257814},"rotation":{"x":0.0,"y":-0.282894104719162,"z":0.0,"w":0.9591511487960815}},{"objID":{"instanceID":23038},"objName":"CompleteTank 1","position":{"x":-7.799098491668701,"y":-5.960464477539063e-8,"z":29.502761840820314},"rotation":{"x":0.0,"y":-0.2846809923648834,"z":0.0,"w":0.9586223363876343}},{"objID":{"instanceID":23120},"objName":"Cube","position":{"x":-14.046218872070313,"y":2.4201626777648927,"z":20.608150482177736},"rotation":{"x":0.0,"y":0.0,"z":0.0,"w":1.0}}]}