{"obj":[{"objID":{"instanceID":-1228},"objName":"CompleteTank 2","position":{"x":-3.8816490173339845,"y":-6.556510925292969e-7,"z":18.86182975769043},"rotation":{"x":0.0,"y":0.5767782926559448,"z":0.0,"w":0.8169007897377014}},{"objID":{"instanceID":14518},"objName":"CompleteTank 1","position":{"x":-1.7860876321792603,"y":-2.980232238769531e-7,"z":19.107126235961915},"rotation":{"x":0.0,"y":0.5752715468406677,"z":0.0,"w":0.8179624676704407}},{"objID":{"instanceID":14600},"objName":"Cube","position":{"x":-14.046218872070313,"y":2.4201626777648927,"z":20.608150482177736},"rotation":{"x":0.0,"y":0.0,"z":0.0,"w":1.0}}]}