{"obj":[{"objID":{"instanceID":-15084},"objName":"CompleteTank 2","position":{"x":-3.5098328590393068,"y":-1.7881393432617188e-7,"z":19.791227340698243},"rotation":{"x":0.0,"y":0.9702191352844238,"z":0.0,"w":0.24222876131534577}},{"objID":{"instanceID":23038},"objName":"CompleteTank 1","position":{"x":-1.845285415649414,"y":-1.7881393432617188e-7,"z":19.839202880859376},"rotation":{"x":0.0,"y":0.9698173403739929,"z":0.0,"w":0.24383287131786347}},{"objID":{"instanceID":23120},"objName":"Cube","position":{"x":-14.046218872070313,"y":2.4201626777648927,"z":20.608150482177736},"rotation":{"x":0.0,"y":0.0,"z":0.0,"w":1.0}}]}