{"obj":[{"objID":{"instanceID":-15084},"objName":"CompleteTank 2","position":{"x":-5.0558085441589359,"y":-7.152557373046875e-7,"z":21.82082176208496},"rotation":{"x":0.0,"y":-0.282894104719162,"z":0.0,"w":0.9591511487960815}},{"objID":{"instanceID":23038},"objName":"CompleteTank 1","position":{"x":-2.952359914779663,"y":-2.384185791015625e-7,"z":22.062084197998048},"rotation":{"x":0.0,"y":-0.28468209505081179,"z":0.0,"w":0.9586220383644104}},{"objID":{"instanceID":23120},"objName":"Cube","position":{"x":-14.046218872070313,"y":2.4201626777648927,"z":20.608150482177736},"rotation":{"x":0.0,"y":0.0,"z":0.0,"w":1.0}}]}