{"obj":[{"objID":{"instanceID":-15084},"objName":"CompleteTank 2","position":{"x":-3.579580068588257,"y":-4.76837158203125e-7,"z":19.723005294799806},"rotation":{"x":0.0,"y":0.9397075176239014,"z":0.0,"w":0.34197941422462466}},{"objID":{"instanceID":23038},"objName":"CompleteTank 1","position":{"x":-1.726879358291626,"y":5.960464477539063e-8,"z":19.844688415527345},"rotation":{"x":0.0,"y":0.9365504384040833,"z":0.0,"w":0.3505328297615051}},{"objID":{"instanceID":23120},"objName":"Cube","position":{"x":-14.046218872070313,"y":2.4201626777648927,"z":20.608150482177736},"rotation":{"x":0.0,"y":0.0,"z":0.0,"w":1.0}}]}