{"obj":[{"objID":{"instanceID":-1228},"objName":"CompleteTank 2","position":{"x":-3.889491081237793,"y":-5.364418029785156e-7,"z":18.861614227294923},"rotation":{"x":0.0,"y":0.27661851048469546,"z":0.0,"w":0.9609798192977905}},{"objID":{"instanceID":14518},"objName":"CompleteTank 1","position":{"x":-1.7792181968688965,"y":-4.76837158203125e-7,"z":19.107540130615236},"rotation":{"x":0.0,"y":0.27474236488342287,"z":0.0,"w":0.961517870426178}},{"objID":{"instanceID":14600},"objName":"Cube","position":{"x":-14.046218872070313,"y":2.4201626777648927,"z":20.608150482177736},"rotation":{"x":0.0,"y":0.0,"z":0.0,"w":1.0}}]}