{"obj":[{"objID":{"instanceID":-1228},"objName":"CompleteTank 2","position":{"x":-3.686058282852173,"y":-1.7881393432617188e-7,"z":24.505678176879884},"rotation":{"x":0.0,"y":0.999784529209137,"z":0.0,"w":0.02076062187552452}},{"objID":{"instanceID":14518},"objName":"CompleteTank 1","position":{"x":-2.179326295852661,"y":-1.1920928955078126e-7,"z":24.52576446533203},"rotation":{"x":0.0,"y":0.9997739195823669,"z":0.0,"w":0.021263809874653817}},{"objID":{"instanceID":14600},"objName":"Cube","position":{"x":-14.046218872070313,"y":2.4201626777648927,"z":20.608150482177736},"rotation":{"x":0.0,"y":0.0,"z":0.0,"w":1.0}}]}