{"obj":[{"objID":{"instanceID":-1228},"objName":"CompleteTank 2","position":{"x":-3.646437883377075,"y":-3.5762786865234377e-7,"z":20.086374282836915},"rotation":{"x":0.0,"y":0.9999862313270569,"z":0.0,"w":0.005261681973934174}},{"objID":{"instanceID":14518},"objName":"CompleteTank 1","position":{"x":-2.1352553367614748,"y":-2.384185791015625e-7,"z":20.10648536682129},"rotation":{"x":0.0,"y":0.9999834299087524,"z":0.0,"w":0.0057644168846309189}},{"objID":{"instanceID":14600},"objName":"Cube","position":{"x":-14.046218872070313,"y":2.4201626777648927,"z":20.608150482177736},"rotation":{"x":0.0,"y":0.0,"z":0.0,"w":1.0}}]}