{"obj":[{"objID":{"instanceID":-1228},"objName":"CompleteTank 2","position":{"x":-3.762971878051758,"y":5.960464477539063e-8,"z":31.228816986083986},"rotation":{"x":0.0,"y":0.9999996423721314,"z":0.0,"w":-0.0008134871022775769}},{"objID":{"instanceID":14518},"objName":"CompleteTank 1","position":{"x":-2.2626020908355715,"y":-5.960464477539063e-8,"z":31.248756408691408},"rotation":{"x":0.0,"y":1.0,"z":0.0,"w":-0.0001599782262928784}},{"objID":{"instanceID":14600},"objName":"Cube","position":{"x":-14.046218872070313,"y":2.4201626777648927,"z":20.608150482177736},"rotation":{"x":0.0,"y":0.0,"z":0.0,"w":1.0}}]}