{"obj":[{"objID":{"instanceID":-1228},"objName":"CompleteTank 2","position":{"x":-3.7481508255004885,"y":-6.556510925292969e-7,"z":18.934738159179689},"rotation":{"x":0.0,"y":0.9387023448944092,"z":0.0,"w":0.34472888708114626}},{"objID":{"instanceID":14518},"objName":"CompleteTank 1","position":{"x":-1.9037483930587769,"y":-5.960464477539063e-8,"z":19.052419662475587},"rotation":{"x":0.0,"y":0.9392287135124207,"z":0.0,"w":0.34329190850257876}},{"objID":{"instanceID":14600},"objName":"Cube","position":{"x":-14.046218872070313,"y":2.4201626777648927,"z":20.608150482177736},"rotation":{"x":0.0,"y":0.0,"z":0.0,"w":1.0}}]}