{"obj":[{"objID":{"instanceID":-15084},"objName":"CompleteTank 2","position":{"x":-10.386411666870118,"y":-0.0000022649765014648439,"z":30.571308135986329},"rotation":{"x":0.0,"y":-0.5069544911384583,"z":0.0,"w":0.8619728088378906}},{"objID":{"instanceID":23038},"objName":"CompleteTank 1","position":{"x":-9.2410888671875,"y":-0.000002384185791015625,"z":31.899208068847658},"rotation":{"x":0.0,"y":-0.4437522292137146,"z":0.0,"w":0.8961495757102966}},{"objID":{"instanceID":23120},"objName":"Cube","position":{"x":-14.046218872070313,"y":2.4201626777648927,"z":20.608150482177736},"rotation":{"x":0.0,"y":0.0,"z":0.0,"w":1.0}}]}