{"obj":[{"objID":{"instanceID":-15084},"objName":"CompleteTank 2","position":{"x":-3.813861131668091,"y":-7.748603820800781e-7,"z":19.886213302612306},"rotation":{"x":0.0,"y":-0.267894446849823,"z":0.0,"w":0.9634482860565186}},{"objID":{"instanceID":23038},"objName":"CompleteTank 1","position":{"x":-1.703200101852417,"y":0.0,"z":20.132125854492189},"rotation":{"x":0.0,"y":-0.26969173550605776,"z":0.0,"w":0.9629467129707336}},{"objID":{"instanceID":23120},"objName":"Cube","position":{"x":-14.046218872070313,"y":2.4201626777648927,"z":20.608150482177736},"rotation":{"x":0.0,"y":0.0,"z":0.0,"w":1.0}}]}