{"obj":[{"objID":{"instanceID":-1228},"objName":"CompleteTank 2","position":{"x":-3.8816490173339845,"y":-4.76837158203125e-7,"z":18.86182975769043},"rotation":{"x":0.0,"y":0.6269338130950928,"z":0.0,"w":0.7790725231170654}},{"objID":{"instanceID":14518},"objName":"CompleteTank 1","position":{"x":-1.7860876321792603,"y":-2.980232238769531e-7,"z":19.107126235961915},"rotation":{"x":0.0,"y":0.6254967451095581,"z":0.0,"w":0.7802267670631409}},{"objID":{"instanceID":14600},"objName":"Cube","position":{"x":-14.046218872070313,"y":2.4201626777648927,"z":20.608150482177736},"rotation":{"x":0.0,"y":0.0,"z":0.0,"w":1.0}}]}