{"obj":[{"objID":{"instanceID":-15084},"objName":"CompleteTank 2","position":{"x":-3.6001389026641847,"y":-2.980232238769531e-7,"z":20.470176696777345},"rotation":{"x":0.0,"y":0.9976057410240173,"z":0.0,"w":0.06915829330682755}},{"objID":{"instanceID":23038},"objName":"CompleteTank 1","position":{"x":-2.0890185832977297,"y":-5.960464477539063e-8,"z":20.490325927734376},"rotation":{"x":0.0,"y":0.9975618124008179,"z":0.0,"w":0.06978853046894074}},{"objID":{"instanceID":23120},"objName":"Cube","position":{"x":-14.046218872070313,"y":2.4201626777648927,"z":20.608150482177736},"rotation":{"x":0.0,"y":0.0,"z":0.0,"w":1.0}}]}