{"obj":[{"objID":{"instanceID":-1228},"objName":"CompleteTank 2","position":{"x":-4.030942916870117,"y":-8.344650268554688e-7,"z":31.848957061767579},"rotation":{"x":0.0,"y":0.8802818059921265,"z":0.0,"w":-0.47445112466812136}},{"objID":{"instanceID":14518},"objName":"CompleteTank 1","position":{"x":-1.9223167896270753,"y":-5.960464477539063e-8,"z":31.837636947631837},"rotation":{"x":0.0,"y":0.8820817470550537,"z":0.0,"w":-0.471096396446228}},{"objID":{"instanceID":14600},"objName":"Cube","position":{"x":-14.046218872070313,"y":2.4201626777648927,"z":20.608150482177736},"rotation":{"x":0.0,"y":0.0,"z":0.0,"w":1.0}}]}