{"obj":[{"objID":{"instanceID":-15084},"objName":"CompleteTank 2","position":{"x":-3.6940834522247316,"y":-7.152557373046875e-7,"z":19.657272338867189},"rotation":{"x":0.0,"y":-0.01082543469965458,"z":0.0,"w":0.9999414086341858}},{"objID":{"instanceID":23038},"objName":"CompleteTank 1","position":{"x":-1.5825673341751099,"y":-2.980232238769531e-7,"z":19.903635025024415},"rotation":{"x":0.0,"y":-0.012692724354565144,"z":0.0,"w":0.9999195337295532}},{"objID":{"instanceID":23120},"objName":"Cube","position":{"x":-14.046218872070313,"y":2.4201626777648927,"z":20.608150482177736},"rotation":{"x":0.0,"y":0.0,"z":0.0,"w":1.0}}]}