{"obj":[{"objID":{"instanceID":-1228},"objName":"CompleteTank 2","position":{"x":-4.687189102172852,"y":-2.384185791015625e-7,"z":24.25212287902832},"rotation":{"x":0.0,"y":0.885678768157959,"z":0.0,"w":0.4642985463142395}},{"objID":{"instanceID":14518},"objName":"CompleteTank 1","position":{"x":-2.5966153144836427,"y":0.0,"z":24.48995590209961},"rotation":{"x":0.0,"y":0.8841128945350647,"z":0.0,"w":0.46727341413497927}},{"objID":{"instanceID":14600},"objName":"Cube","position":{"x":-14.046218872070313,"y":2.4201626777648927,"z":20.608150482177736},"rotation":{"x":0.0,"y":0.0,"z":0.0,"w":1.0}}]}