{"obj":[{"objID":{"instanceID":-1228},"objName":"CompleteTank 2","position":{"x":-3.703430652618408,"y":-1.7881393432617188e-7,"z":23.526182174682618},"rotation":{"x":0.0,"y":0.9707671999931336,"z":0.0,"w":0.2400231957435608}},{"objID":{"instanceID":14518},"objName":"CompleteTank 1","position":{"x":-2.0461533069610597,"y":-2.384185791015625e-7,"z":23.574384689331056},"rotation":{"x":0.0,"y":0.9714372754096985,"z":0.0,"w":0.23729680478572846}},{"objID":{"instanceID":14600},"objName":"Cube","position":{"x":-14.046218872070313,"y":2.4201626777648927,"z":20.608150482177736},"rotation":{"x":0.0,"y":0.0,"z":0.0,"w":1.0}}]}