{"obj":[{"objID":{"instanceID":-15084},"objName":"CompleteTank 2","position":{"x":-9.353805541992188,"y":-7.152557373046875e-7,"z":28.47315216064453},"rotation":{"x":0.0,"y":-0.282894104719162,"z":0.0,"w":0.9591511487960815}},{"objID":{"instanceID":23038},"objName":"CompleteTank 1","position":{"x":-7.275126934051514,"y":-5.960464477539063e-8,"z":28.6983642578125},"rotation":{"x":0.0,"y":-0.2846809923648834,"z":0.0,"w":0.9586223363876343}},{"objID":{"instanceID":23120},"objName":"Cube","position":{"x":-14.046218872070313,"y":2.4201626777648927,"z":20.608150482177736},"rotation":{"x":0.0,"y":0.0,"z":0.0,"w":1.0}}]}