{"obj":[{"objID":{"instanceID":-1228},"objName":"CompleteTank 2","position":{"x":-6.130292892456055,"y":-4.76837158203125e-7,"z":24.873146057128908},"rotation":{"x":0.0,"y":0.763094425201416,"z":0.0,"w":0.6462870836257935}},{"objID":{"instanceID":14518},"objName":"CompleteTank 1","position":{"x":-4.041290283203125,"y":-2.384185791015625e-7,"z":25.102495193481447},"rotation":{"x":0.0,"y":0.7609119415283203,"z":0.0,"w":0.6488552689552307}},{"objID":{"instanceID":14600},"objName":"Cube","position":{"x":-14.046218872070313,"y":2.4201626777648927,"z":20.608150482177736},"rotation":{"x":0.0,"y":0.0,"z":0.0,"w":1.0}}]}