{"obj":[{"objID":{"instanceID":-1228},"objName":"CompleteTank 2","position":{"x":-3.6253151893615724,"y":-4.172325134277344e-7,"z":19.349933624267579},"rotation":{"x":0.0,"y":0.9992125630378723,"z":0.0,"w":0.03967832773923874}},{"objID":{"instanceID":14518},"objName":"CompleteTank 1","position":{"x":-2.1133933067321779,"y":-1.1920928955078126e-7,"z":19.370075225830079},"rotation":{"x":0.0,"y":0.999192476272583,"z":0.0,"w":0.040180932730436328}},{"objID":{"instanceID":14600},"objName":"Cube","position":{"x":-14.046218872070313,"y":2.4201626777648927,"z":20.608150482177736},"rotation":{"x":0.0,"y":0.0,"z":0.0,"w":1.0}}]}