{"obj":[{"objID":{"instanceID":-15084},"objName":"CompleteTank 2","position":{"x":-3.6940834522247316,"y":-7.152557373046875e-7,"z":19.657272338867189},"rotation":{"x":0.0,"y":-0.07167384028434754,"z":0.0,"w":0.9974281191825867}},{"objID":{"instanceID":23038},"objName":"CompleteTank 1","position":{"x":-1.5825674533843995,"y":-5.960464477539063e-8,"z":19.903635025024415},"rotation":{"x":0.0,"y":-0.07353602349758148,"z":0.0,"w":0.9972925782203674}},{"objID":{"instanceID":23120},"objName":"Cube","position":{"x":-14.046218872070313,"y":2.4201626777648927,"z":20.608150482177736},"rotation":{"x":0.0,"y":0.0,"z":0.0,"w":1.0}}]}