{"obj":[{"objID":{"instanceID":-15084},"objName":"CompleteTank 2","position":{"x":-3.6245169639587404,"y":-5.960464477539063e-7,"z":19.69326400756836},"rotation":{"x":0.0,"y":0.9201708436012268,"z":0.0,"w":0.39151719212532046}},{"objID":{"instanceID":23038},"objName":"CompleteTank 1","position":{"x":-1.6681495904922486,"y":-4.172325134277344e-7,"z":19.86908721923828},"rotation":{"x":0.0,"y":0.918998658657074,"z":0.0,"w":0.39426085352897646}},{"objID":{"instanceID":23120},"objName":"Cube","position":{"x":-14.046218872070313,"y":2.4201626777648927,"z":20.608150482177736},"rotation":{"x":0.0,"y":0.0,"z":0.0,"w":1.0}}]}