{"obj":[{"objID":{"instanceID":-1228},"objName":"CompleteTank 2","position":{"x":-3.646091938018799,"y":-4.172325134277344e-7,"z":20.05358123779297},"rotation":{"x":0.0,"y":0.9999771118164063,"z":0.0,"w":0.006778096780180931}},{"objID":{"instanceID":14518},"objName":"CompleteTank 1","position":{"x":-2.134877920150757,"y":-2.384185791015625e-7,"z":20.073701858520509},"rotation":{"x":0.0,"y":0.9999735355377197,"z":0.0,"w":0.007281145546585321}},{"objID":{"instanceID":14600},"objName":"Cube","position":{"x":-14.046218872070313,"y":2.4201626777648927,"z":20.608150482177736},"rotation":{"x":0.0,"y":0.0,"z":0.0,"w":1.0}}]}