{"obj":[{"objID":{"instanceID":-15084},"objName":"CompleteTank 2","position":{"x":-3.6865391731262209,"y":-7.152557373046875e-7,"z":19.657535552978517},"rotation":{"x":0.0,"y":0.8845713138580322,"z":0.0,"w":0.4664049744606018}},{"objID":{"instanceID":23038},"objName":"CompleteTank 1","position":{"x":-1.5921074151992798,"y":-2.384185791015625e-7,"z":19.901514053344728},"rotation":{"x":0.0,"y":0.883790135383606,"z":0.0,"w":0.4678836166858673}},{"objID":{"instanceID":23120},"objName":"Cube","position":{"x":-14.046218872070313,"y":2.4201626777648927,"z":20.608150482177736},"rotation":{"x":0.0,"y":0.0,"z":0.0,"w":1.0}}]}