{"obj":[{"objID":{"instanceID":-1228},"objName":"CompleteTank 2","position":{"x":-3.6538093090057375,"y":1.1920928955078126e-7,"z":23.953632354736329},"rotation":{"x":0.0,"y":0.9986640810966492,"z":0.0,"w":0.05167235806584358}},{"objID":{"instanceID":14518},"objName":"CompleteTank 1","position":{"x":-2.146521806716919,"y":-1.1920928955078126e-7,"z":23.9737548828125},"rotation":{"x":0.0,"y":0.9986379742622376,"z":0.0,"w":0.05217501521110535}},{"objID":{"instanceID":14600},"objName":"Cube","position":{"x":-14.046218872070313,"y":2.4201626777648927,"z":20.608150482177736},"rotation":{"x":0.0,"y":0.0,"z":0.0,"w":1.0}}]}