{"obj":[{"objID":{"instanceID":-1228},"objName":"CompleteTank 2","position":{"x":-3.659269332885742,"y":-2.384185791015625e-7,"z":23.47905731201172},"rotation":{"x":0.0,"y":0.9772413969039917,"z":0.0,"w":0.2121305912733078}},{"objID":{"instanceID":14518},"objName":"CompleteTank 1","position":{"x":-2.0379550457000734,"y":-5.960464477539063e-8,"z":23.516807556152345},"rotation":{"x":0.0,"y":0.977509081363678,"z":0.0,"w":0.21089337766170503}},{"objID":{"instanceID":14600},"objName":"Cube","position":{"x":-14.046218872070313,"y":2.4201626777648927,"z":20.608150482177736},"rotation":{"x":0.0,"y":0.0,"z":0.0,"w":1.0}}]}