{"obj":[{"objID":{"instanceID":-15084},"objName":"CompleteTank 2","position":{"x":-3.68636417388916,"y":-5.960464477539063e-7,"z":19.657442092895509},"rotation":{"x":0.0,"y":0.869513213634491,"z":0.0,"w":0.4939095973968506}},{"objID":{"instanceID":23038},"objName":"CompleteTank 1","position":{"x":-1.5893018245697022,"y":0.0,"z":19.903167724609376},"rotation":{"x":0.0,"y":0.8686453700065613,"z":0.0,"w":0.49543434381484988}},{"objID":{"instanceID":23120},"objName":"Cube","position":{"x":-14.046218872070313,"y":2.4201626777648927,"z":20.608150482177736},"rotation":{"x":0.0,"y":0.0,"z":0.0,"w":1.0}}]}