{"obj":[{"objID":{"instanceID":-1228},"objName":"CompleteTank 2","position":{"x":-4.038333892822266,"y":-0.0000019073486328125,"z":31.851877212524415},"rotation":{"x":0.0,"y":0.04073671996593475,"z":0.0,"w":-0.9991699457168579}},{"objID":{"instanceID":14518},"objName":"CompleteTank 1","position":{"x":-1.9148298501968384,"y":-5.960464477539063e-8,"z":31.83576202392578},"rotation":{"x":0.0,"y":0.04450492933392525,"z":0.0,"w":-0.9990091919898987}},{"objID":{"instanceID":14600},"objName":"Cube","position":{"x":-14.046218872070313,"y":2.4201626777648927,"z":20.608150482177736},"rotation":{"x":0.0,"y":0.0,"z":0.0,"w":1.0}}]}