{"obj":[{"objID":{"instanceID":-15084},"objName":"CompleteTank 2","position":{"x":-10.445845603942871,"y":-0.0000013113021850585938,"z":30.500463485717775},"rotation":{"x":0.0,"y":-0.44601505994796755,"z":0.0,"w":0.8950254917144775}},{"objID":{"instanceID":23038},"objName":"CompleteTank 1","position":{"x":-8.970459938049317,"y":-5.960464477539063e-8,"z":31.30103302001953},"rotation":{"x":0.0,"y":-0.2846809923648834,"z":0.0,"w":0.9586223363876343}},{"objID":{"instanceID":23120},"objName":"Cube","position":{"x":-14.046218872070313,"y":2.4201626777648927,"z":20.608150482177736},"rotation":{"x":0.0,"y":0.0,"z":0.0,"w":1.0}}]}