{"obj":[{"objID":{"instanceID":-1228},"objName":"CompleteTank 2","position":{"x":-4.039200305938721,"y":-0.0000017881393432617188,"z":31.85177993774414},"rotation":{"x":0.0,"y":-0.6775817275047302,"z":0.0,"w":-0.7354474663734436}},{"objID":{"instanceID":14518},"objName":"CompleteTank 1","position":{"x":-1.914176344871521,"y":-1.1920928955078126e-7,"z":31.835819244384767},"rotation":{"x":0.0,"y":-0.675066351890564,"z":0.0,"w":-0.7377570271492004}},{"objID":{"instanceID":14600},"objName":"Cube","position":{"x":-14.046218872070313,"y":2.4201626777648927,"z":20.608150482177736},"rotation":{"x":0.0,"y":0.0,"z":0.0,"w":1.0}}]}