{"obj":[{"objID":{"instanceID":-15084},"objName":"CompleteTank 2","position":{"x":-10.386361122131348,"y":-0.00000286102294921875,"z":30.57127571105957},"rotation":{"x":0.0,"y":-0.5069664120674133,"z":0.0,"w":0.8619658350944519}},{"objID":{"instanceID":23038},"objName":"CompleteTank 1","position":{"x":-9.2410888671875,"y":-0.000002384185791015625,"z":31.899208068847658},"rotation":{"x":0.0,"y":-0.4437522292137146,"z":0.0,"w":0.8961495757102966}},{"objID":{"instanceID":23120},"objName":"Cube","position":{"x":-14.046218872070313,"y":2.4201626777648927,"z":20.608150482177736},"rotation":{"x":0.0,"y":0.0,"z":0.0,"w":1.0}}]}