{"obj":[{"objID":{"instanceID":-1228},"objName":"CompleteTank 2","position":{"x":-3.6713340282440187,"y":-5.364418029785156e-7,"z":18.967967987060548},"rotation":{"x":0.0,"y":0.9634614586830139,"z":0.0,"w":0.26784712076187136}},{"objID":{"instanceID":14518},"objName":"CompleteTank 1","position":{"x":-1.9710946083068848,"y":-2.384185791015625e-7,"z":19.027902603149415},"rotation":{"x":0.0,"y":0.9639610052108765,"z":0.0,"w":0.2660437226295471}},{"objID":{"instanceID":14600},"objName":"Cube","position":{"x":-14.046218872070313,"y":2.4201626777648927,"z":20.608150482177736},"rotation":{"x":0.0,"y":0.0,"z":0.0,"w":1.0}}]}