{"obj":[{"objID":{"instanceID":-1228},"objName":"CompleteTank 2","position":{"x":-4.038333892822266,"y":-0.0000018477439880371094,"z":31.851877212524415},"rotation":{"x":0.0,"y":0.22724200785160066,"z":0.0,"w":-0.9738383293151856}},{"objID":{"instanceID":14518},"objName":"CompleteTank 1","position":{"x":-1.9148294925689698,"y":-2.384185791015625e-7,"z":31.83576202392578},"rotation":{"x":0.0,"y":0.2309127151966095,"z":0.0,"w":-0.9729745388031006}},{"objID":{"instanceID":14600},"objName":"Cube","position":{"x":-14.046218872070313,"y":2.4201626777648927,"z":20.608150482177736},"rotation":{"x":0.0,"y":0.0,"z":0.0,"w":1.0}}]}