{"obj":[{"objID":{"instanceID":-15084},"objName":"CompleteTank 2","position":{"x":-3.5097286701202394,"y":-2.384185791015625e-7,"z":19.83046531677246},"rotation":{"x":0.0,"y":0.9759937524795532,"z":0.0,"w":0.21779845654964448}},{"objID":{"instanceID":23038},"objName":"CompleteTank 1","position":{"x":-1.880015254020691,"y":-2.384185791015625e-7,"z":19.870943069458009},"rotation":{"x":0.0,"y":0.9759411215782166,"z":0.0,"w":0.2180345505475998}},{"objID":{"instanceID":23120},"objName":"Cube","position":{"x":-14.046218872070313,"y":2.4201626777648927,"z":20.608150482177736},"rotation":{"x":0.0,"y":0.0,"z":0.0,"w":1.0}}]}