{"obj":[{"objID":{"instanceID":-15084},"objName":"CompleteTank 2","position":{"x":-10.39468002319336,"y":-0.0000013709068298339844,"z":30.5752010345459},"rotation":{"x":0.0,"y":-0.5057916045188904,"z":0.0,"w":0.862655758857727}},{"objID":{"instanceID":23038},"objName":"CompleteTank 1","position":{"x":-9.238021850585938,"y":-5.960464477539063e-8,"z":31.886600494384767},"rotation":{"x":0.0,"y":-0.44371962547302248,"z":0.0,"w":0.896165668964386}},{"objID":{"instanceID":23120},"objName":"Cube","position":{"x":-14.046218872070313,"y":2.4201626777648927,"z":20.608150482177736},"rotation":{"x":0.0,"y":0.0,"z":0.0,"w":1.0}}]}