{"obj":[{"objID":{"instanceID":-15084},"objName":"CompleteTank 2","position":{"x":-10.386619567871094,"y":-0.0000016093254089355469,"z":30.57149314880371},"rotation":{"x":0.0,"y":-0.5068807601928711,"z":0.0,"w":0.8620162606239319}},{"objID":{"instanceID":23038},"objName":"CompleteTank 1","position":{"x":-9.241083145141602,"y":-0.000002086162567138672,"z":31.899208068847658},"rotation":{"x":0.0,"y":-0.4437509775161743,"z":0.0,"w":0.8961501121520996}},{"objID":{"instanceID":23120},"objName":"Cube","position":{"x":-14.046218872070313,"y":2.4201626777648927,"z":20.608150482177736},"rotation":{"x":0.0,"y":0.0,"z":0.0,"w":1.0}}]}