{"obj":[{"objID":{"instanceID":-1228},"objName":"CompleteTank 2","position":{"x":-3.7423744201660158,"y":-3.5762786865234377e-7,"z":29.20261573791504},"rotation":{"x":0.0,"y":0.9999862313270569,"z":0.0,"w":0.005261681973934174}},{"objID":{"instanceID":14518},"objName":"CompleteTank 1","position":{"x":-2.240370035171509,"y":-2.384185791015625e-7,"z":29.222654342651368},"rotation":{"x":0.0,"y":0.9999834299087524,"z":0.0,"w":0.005765079986304045}},{"objID":{"instanceID":14600},"objName":"Cube","position":{"x":-14.046218872070313,"y":2.4201626777648927,"z":20.608150482177736},"rotation":{"x":0.0,"y":0.0,"z":0.0,"w":1.0}}]}