{"obj":[{"objID":{"instanceID":-1228},"objName":"CompleteTank 2","position":{"x":-4.0309529304504398,"y":-0.0000014901161193847657,"z":31.848953247070314},"rotation":{"x":0.0,"y":0.46138137578964236,"z":0.0,"w":-0.8872019052505493}},{"objID":{"instanceID":14518},"objName":"CompleteTank 1","position":{"x":-1.9223017692565919,"y":-2.980232238769531e-7,"z":31.837642669677736},"rotation":{"x":0.0,"y":0.4647621810436249,"z":0.0,"w":-0.8854356408119202}},{"objID":{"instanceID":14600},"objName":"Cube","position":{"x":-14.046218872070313,"y":2.4201626777648927,"z":20.608150482177736},"rotation":{"x":0.0,"y":0.0,"z":0.0,"w":1.0}}]}