{"obj":[{"objID":{"instanceID":-15084},"objName":"CompleteTank 2","position":{"x":-10.398834228515625,"y":-0.0000011920928955078126,"z":30.572561264038087},"rotation":{"x":0.0,"y":-0.5032938122749329,"z":0.0,"w":0.8641153573989868}},{"objID":{"instanceID":23038},"objName":"CompleteTank 1","position":{"x":-9.223755836486817,"y":0.0,"z":31.865121841430665},"rotation":{"x":0.0,"y":-0.44371095299720766,"z":0.0,"w":0.8961699604988098}},{"objID":{"instanceID":23120},"objName":"Cube","position":{"x":-14.046218872070313,"y":2.4201626777648927,"z":20.608150482177736},"rotation":{"x":0.0,"y":0.0,"z":0.0,"w":1.0}}]}