{"obj":[{"objID":{"instanceID":-1228},"objName":"CompleteTank 2","position":{"x":-3.994837522506714,"y":-1.7881393432617188e-7,"z":23.782733917236329},"rotation":{"x":0.0,"y":0.9390341639518738,"z":0.0,"w":0.34382393956184389}},{"objID":{"instanceID":14518},"objName":"CompleteTank 1","position":{"x":-2.1564958095550539,"y":-2.384185791015625e-7,"z":23.899843215942384},"rotation":{"x":0.0,"y":0.940644383430481,"z":0.0,"w":0.3393939733505249}},{"objID":{"instanceID":14600},"objName":"Cube","position":{"x":-14.046218872070313,"y":2.4201626777648927,"z":20.608150482177736},"rotation":{"x":0.0,"y":0.0,"z":0.0,"w":1.0}}]}