{"obj":[{"objID":{"instanceID":-15084},"objName":"CompleteTank 2","position":{"x":-10.386748313903809,"y":-0.0000014901161193847657,"z":30.571609497070314},"rotation":{"x":0.0,"y":-0.5068337917327881,"z":0.0,"w":0.8620438575744629}},{"objID":{"instanceID":23038},"objName":"CompleteTank 1","position":{"x":-9.241082191467286,"y":-0.0000020265579223632814,"z":31.899208068847658},"rotation":{"x":0.0,"y":-0.44375079870224,"z":0.0,"w":0.8961502909660339}},{"objID":{"instanceID":23120},"objName":"Cube","position":{"x":-14.046218872070313,"y":2.4201626777648927,"z":20.608150482177736},"rotation":{"x":0.0,"y":0.0,"z":0.0,"w":1.0}}]}