{"obj":[{"objID":{"instanceID":-1228},"objName":"CompleteTank 2","position":{"x":-4.039531707763672,"y":-0.0000017285346984863282,"z":31.85192108154297},"rotation":{"x":0.0,"y":-0.9861374497413635,"z":0.0,"w":-0.16593043506145478}},{"objID":{"instanceID":14518},"objName":"CompleteTank 1","position":{"x":-1.9138432741165162,"y":-0.0000010132789611816407,"z":31.835371017456056},"rotation":{"x":0.0,"y":-0.9856031537055969,"z":0.0,"w":-0.16907568275928498}},{"objID":{"instanceID":14600},"objName":"Cube","position":{"x":-14.046218872070313,"y":2.4201626777648927,"z":20.608150482177736},"rotation":{"x":0.0,"y":0.0,"z":0.0,"w":1.0}}]}