{"obj":[{"objID":{"instanceID":-1228},"objName":"CompleteTank 2","position":{"x":-5.441479682922363,"y":-5.364418029785156e-7,"z":24.666812896728517},"rotation":{"x":0.0,"y":0.8205288052558899,"z":0.0,"w":0.5716052651405335}},{"objID":{"instanceID":14518},"objName":"CompleteTank 1","position":{"x":-3.351102113723755,"y":1.1920928955078126e-7,"z":24.900808334350587},"rotation":{"x":0.0,"y":0.8185976147651672,"z":0.0,"w":0.5743674039840698}},{"objID":{"instanceID":14600},"objName":"Cube","position":{"x":-14.046218872070313,"y":2.4201626777648927,"z":20.608150482177736},"rotation":{"x":0.0,"y":0.0,"z":0.0,"w":1.0}}]}