{"obj":[{"objID":{"instanceID":-1228},"objName":"CompleteTank 2","position":{"x":-3.865191698074341,"y":-2.980232238769531e-7,"z":18.866483688354493},"rotation":{"x":0.0,"y":0.9011292457580566,"z":0.0,"w":0.43355047702789309}},{"objID":{"instanceID":14518},"objName":"CompleteTank 1","position":{"x":-1.7979141473770142,"y":-4.172325134277344e-7,"z":19.107608795166017},"rotation":{"x":0.0,"y":0.9006334543228149,"z":0.0,"w":0.4345797598361969}},{"objID":{"instanceID":14600},"objName":"Cube","position":{"x":-14.046218872070313,"y":2.4201626777648927,"z":20.608150482177736},"rotation":{"x":0.0,"y":0.0,"z":0.0,"w":1.0}}]}