{"obj":[{"objID":{"instanceID":-1228},"objName":"CompleteTank 2","position":{"x":-4.234816551208496,"y":-3.5762786865234377e-7,"z":23.957569122314454},"rotation":{"x":0.0,"y":0.9195017218589783,"z":0.0,"w":0.3930860757827759}},{"objID":{"instanceID":14518},"objName":"CompleteTank 1","position":{"x":-2.2859573364257814,"y":-1.1920928955078126e-7,"z":24.129573822021486},"rotation":{"x":0.0,"y":0.923278272151947,"z":0.0,"w":0.38413184881210329}},{"objID":{"instanceID":14600},"objName":"Cube","position":{"x":-14.046218872070313,"y":2.4201626777648927,"z":20.608150482177736},"rotation":{"x":0.0,"y":0.0,"z":0.0,"w":1.0}}]}