{"obj":[{"objID":{"instanceID":-15084},"objName":"CompleteTank 2","position":{"x":-7.790897846221924,"y":-7.152557373046875e-7,"z":26.054122924804689},"rotation":{"x":0.0,"y":-0.282894104719162,"z":0.0,"w":0.9591511487960815}},{"objID":{"instanceID":23038},"objName":"CompleteTank 1","position":{"x":-5.703212261199951,"y":-5.960464477539063e-8,"z":26.285171508789064},"rotation":{"x":0.0,"y":-0.2846809923648834,"z":0.0,"w":0.9586223363876343}},{"objID":{"instanceID":23120},"objName":"Cube","position":{"x":-14.046218872070313,"y":2.4201626777648927,"z":20.608150482177736},"rotation":{"x":0.0,"y":0.0,"z":0.0,"w":1.0}}]}