{"obj":[{"objID":{"instanceID":-1228},"objName":"CompleteTank 2","position":{"x":-4.038333892822266,"y":-0.0000018477439880371094,"z":31.851877212524415},"rotation":{"x":0.0,"y":-0.23964087665081025,"z":0.0,"w":-0.9708616137504578}},{"objID":{"instanceID":14518},"objName":"CompleteTank 1","position":{"x":-1.914830207824707,"y":0.0,"z":31.83576202392578},"rotation":{"x":0.0,"y":-0.2359776496887207,"z":0.0,"w":-0.9717584848403931}},{"objID":{"instanceID":14600},"objName":"Cube","position":{"x":-14.046218872070313,"y":2.4201626777648927,"z":20.608150482177736},"rotation":{"x":0.0,"y":0.0,"z":0.0,"w":1.0}}]}