{"obj":[{"objID":{"instanceID":-15084},"objName":"CompleteTank 2","position":{"x":-3.6310627460479738,"y":-1.1920928955078126e-7,"z":20.78999137878418},"rotation":{"x":0.0,"y":0.9990969300270081,"z":0.0,"w":0.042490098625421527}},{"objID":{"instanceID":23038},"objName":"CompleteTank 1","position":{"x":-2.1205921173095705,"y":-3.5762786865234377e-7,"z":20.81012535095215},"rotation":{"x":0.0,"y":0.9990754723548889,"z":0.0,"w":0.04299267381429672}},{"objID":{"instanceID":23120},"objName":"Cube","position":{"x":-14.046218872070313,"y":2.4201626777648927,"z":20.608150482177736},"rotation":{"x":0.0,"y":0.0,"z":0.0,"w":1.0}}]}