{"obj":[{"objID":{"instanceID":-1228},"objName":"CompleteTank 2","position":{"x":-3.8816497325897219,"y":-7.748603820800781e-7,"z":18.86182975769043},"rotation":{"x":0.0,"y":0.8537719249725342,"z":0.0,"w":0.5206473469734192}},{"objID":{"instanceID":14518},"objName":"CompleteTank 1","position":{"x":-1.7860877513885499,"y":-2.384185791015625e-7,"z":19.107126235961915},"rotation":{"x":0.0,"y":0.8528104424476624,"z":0.0,"w":0.5222206115722656}},{"objID":{"instanceID":14600},"objName":"Cube","position":{"x":-14.046218872070313,"y":2.4201626777648927,"z":20.608150482177736},"rotation":{"x":0.0,"y":0.0,"z":0.0,"w":1.0}}]}