{"obj":[{"objID":{"instanceID":-15084},"objName":"CompleteTank 2","position":{"x":-3.6014955043792726,"y":-4.172325134277344e-7,"z":19.70903778076172},"rotation":{"x":0.0,"y":0.9297739863395691,"z":0.0,"w":0.3681309223175049}},{"objID":{"instanceID":23038},"objName":"CompleteTank 1","position":{"x":-1.698509931564331,"y":5.960464477539063e-8,"z":19.855974197387697},"rotation":{"x":0.0,"y":0.928045928478241,"z":0.0,"w":0.3724657893180847}},{"objID":{"instanceID":23120},"objName":"Cube","position":{"x":-14.046218872070313,"y":2.4201626777648927,"z":20.608150482177736},"rotation":{"x":0.0,"y":0.0,"z":0.0,"w":1.0}}]}