{"obj":[{"objID":{"instanceID":-1228},"objName":"CompleteTank 2","position":{"x":-3.879084348678589,"y":-4.172325134277344e-7,"z":18.8643856048584},"rotation":{"x":0.0,"y":0.8847444653511047,"z":0.0,"w":0.4660763740539551}},{"objID":{"instanceID":14518},"objName":"CompleteTank 1","position":{"x":-1.786136507987976,"y":-3.5762786865234377e-7,"z":19.10694122314453},"rotation":{"x":0.0,"y":0.8839502334594727,"z":0.0,"w":0.4675810933113098}},{"objID":{"instanceID":14600},"objName":"Cube","position":{"x":-14.046218872070313,"y":2.4201626777648927,"z":20.608150482177736},"rotation":{"x":0.0,"y":0.0,"z":0.0,"w":1.0}}]}