{"obj":[{"objID":{"instanceID":-1228},"objName":"CompleteTank 2","position":{"x":-4.0309529304504398,"y":-0.000001430511474609375,"z":31.848953247070314},"rotation":{"x":0.0,"y":0.4332861304283142,"z":0.0,"w":-0.9012563824653626}},{"objID":{"instanceID":14518},"objName":"CompleteTank 1","position":{"x":-1.9223018884658814,"y":-1.7881393432617188e-7,"z":31.837642669677736},"rotation":{"x":0.0,"y":0.43672069907188418,"z":0.0,"w":-0.8995972275733948}},{"objID":{"instanceID":14600},"objName":"Cube","position":{"x":-14.046218872070313,"y":2.4201626777648927,"z":20.608150482177736},"rotation":{"x":0.0,"y":0.0,"z":0.0,"w":1.0}}]}