{"obj":[{"objID":{"instanceID":-1228},"objName":"CompleteTank 2","position":{"x":-3.674818754196167,"y":-3.5762786865234377e-7,"z":22.783267974853517},"rotation":{"x":0.0,"y":0.9999862313270569,"z":0.0,"w":0.005261681973934174}},{"objID":{"instanceID":14518},"objName":"CompleteTank 1","position":{"x":-2.166351556777954,"y":-2.384185791015625e-7,"z":22.803363800048829},"rotation":{"x":0.0,"y":0.9999834299087524,"z":0.0,"w":0.00576478848233819}},{"objID":{"instanceID":14600},"objName":"Cube","position":{"x":-14.046218872070313,"y":2.4201626777648927,"z":20.608150482177736},"rotation":{"x":0.0,"y":0.0,"z":0.0,"w":1.0}}]}