{"obj":[{"objID":{"instanceID":-1228},"objName":"CompleteTank 2","position":{"x":-3.758160352706909,"y":-4.172325134277344e-7,"z":31.547718048095704},"rotation":{"x":0.0,"y":0.9995924234390259,"z":0.0,"w":-0.02854928746819496}},{"objID":{"instanceID":14518},"objName":"CompleteTank 1","position":{"x":-2.2563579082489015,"y":-1.7881393432617188e-7,"z":31.567243576049806},"rotation":{"x":0.0,"y":0.9996284246444702,"z":0.0,"w":-0.027260320261120797}},{"objID":{"instanceID":14600},"objName":"Cube","position":{"x":-14.046218872070313,"y":2.4201626777648927,"z":20.608150482177736},"rotation":{"x":0.0,"y":0.0,"z":0.0,"w":1.0}}]}