{"obj":[{"objID":{"instanceID":-1228},"objName":"CompleteTank 2","position":{"x":-4.030952453613281,"y":-0.0000014901161193847657,"z":31.848953247070314},"rotation":{"x":0.0,"y":0.5428265929222107,"z":0.0,"w":-0.8398447632789612}},{"objID":{"instanceID":14518},"objName":"CompleteTank 1","position":{"x":-1.922300934791565,"y":-1.1920928955078126e-7,"z":31.837642669677736},"rotation":{"x":0.0,"y":0.5460258722305298,"z":0.0,"w":-0.8377683758735657}},{"objID":{"instanceID":14600},"objName":"Cube","position":{"x":-14.046218872070313,"y":2.4201626777648927,"z":20.608150482177736},"rotation":{"x":0.0,"y":0.0,"z":0.0,"w":1.0}}]}