{"obj":[{"objID":{"instanceID":-1228},"objName":"CompleteTank 2","position":{"x":-3.6673595905303957,"y":-2.384185791015625e-7,"z":24.12416648864746},"rotation":{"x":0.0,"y":0.9992142915725708,"z":0.0,"w":0.039635609835386279}},{"objID":{"instanceID":14518},"objName":"CompleteTank 1","position":{"x":-2.1602437496185304,"y":-5.960464477539063e-8,"z":24.14427375793457},"rotation":{"x":0.0,"y":0.9991941452026367,"z":0.0,"w":0.04013853892683983}},{"objID":{"instanceID":14600},"objName":"Cube","position":{"x":-14.046218872070313,"y":2.4201626777648927,"z":20.608150482177736},"rotation":{"x":0.0,"y":0.0,"z":0.0,"w":1.0}}]}