{"obj":[{"objID":{"instanceID":-1228},"objName":"CompleteTank 2","position":{"x":-3.804802179336548,"y":-7.152557373046875e-7,"z":18.903785705566408},"rotation":{"x":0.0,"y":0.9204267263412476,"z":0.0,"w":0.39091527462005618}},{"objID":{"instanceID":14518},"objName":"CompleteTank 1","position":{"x":-1.8522969484329224,"y":-2.980232238769531e-7,"z":19.076398849487306},"rotation":{"x":0.0,"y":0.9202010035514832,"z":0.0,"w":0.3914462924003601}},{"objID":{"instanceID":14600},"objName":"Cube","position":{"x":-14.046218872070313,"y":2.4201626777648927,"z":20.608150482177736},"rotation":{"x":0.0,"y":0.0,"z":0.0,"w":1.0}}]}