{"obj":[{"objID":{"instanceID":-15084},"objName":"CompleteTank 2","position":{"x":-3.5693461894989015,"y":-2.980232238769531e-7,"z":20.223806381225587},"rotation":{"x":0.0,"y":0.9944871068000794,"z":0.0,"w":0.10485908389091492}},{"objID":{"instanceID":23038},"objName":"CompleteTank 1","position":{"x":-2.0425825119018556,"y":0.0,"z":20.24439811706543},"rotation":{"x":0.0,"y":0.9943732619285584,"z":0.0,"w":0.10593300312757492}},{"objID":{"instanceID":23120},"objName":"Cube","position":{"x":-14.046218872070313,"y":2.4201626777648927,"z":20.608150482177736},"rotation":{"x":0.0,"y":0.0,"z":0.0,"w":1.0}}]}