{"obj":[{"objID":{"instanceID":-1228},"objName":"CompleteTank 2","position":{"x":-3.696876049041748,"y":-2.980232238769531e-7,"z":24.94801139831543},"rotation":{"x":0.0,"y":0.9999520778656006,"z":0.0,"w":0.00979626551270485}},{"objID":{"instanceID":14518},"objName":"CompleteTank 1","position":{"x":-2.190589189529419,"y":-5.960464477539063e-8,"z":24.968088150024415},"rotation":{"x":0.0,"y":0.9999470114707947,"z":0.0,"w":0.01029953919351101}},{"objID":{"instanceID":14600},"objName":"Cube","position":{"x":-14.046218872070313,"y":2.4201626777648927,"z":20.608150482177736},"rotation":{"x":0.0,"y":0.0,"z":0.0,"w":1.0}}]}