{"obj":[{"objID":{"instanceID":-15084},"objName":"CompleteTank 2","position":{"x":-10.38657283782959,"y":-0.0000013113021850585938,"z":30.571449279785158},"rotation":{"x":0.0,"y":-0.5068976879119873,"z":0.0,"w":0.8620061874389648}},{"objID":{"instanceID":23038},"objName":"CompleteTank 1","position":{"x":-9.241085052490235,"y":-0.0000024437904357910158,"z":31.899208068847658},"rotation":{"x":0.0,"y":-0.4437514543533325,"z":0.0,"w":0.8961499929428101}},{"objID":{"instanceID":23120},"objName":"Cube","position":{"x":-14.046218872070313,"y":2.4201626777648927,"z":20.608150482177736},"rotation":{"x":0.0,"y":0.0,"z":0.0,"w":1.0}}]}