{"obj":[{"objID":{"instanceID":-1228},"objName":"CompleteTank 2","position":{"x":-4.039199352264404,"y":-0.0000019073486328125,"z":31.85177993774414},"rotation":{"x":0.0,"y":-0.44549453258514407,"z":0.0,"w":-0.8952847123146057}},{"objID":{"instanceID":14518},"objName":"CompleteTank 1","position":{"x":-1.9141767024993897,"y":-4.172325134277344e-7,"z":31.835819244384767},"rotation":{"x":0.0,"y":-0.4424346387386322,"z":0.0,"w":-0.8968008160591126}},{"objID":{"instanceID":14600},"objName":"Cube","position":{"x":-14.046218872070313,"y":2.4201626777648927,"z":20.608150482177736},"rotation":{"x":0.0,"y":0.0,"z":0.0,"w":1.0}}]}