{"obj":[{"objID":{"instanceID":-1228},"objName":"CompleteTank 2","position":{"x":-3.842485189437866,"y":-0.0000011324882507324219,"z":31.838489532470704},"rotation":{"x":0.0,"y":0.9649183750152588,"z":0.0,"w":-0.2625502049922943}},{"objID":{"instanceID":14518},"objName":"CompleteTank 1","position":{"x":-2.1123626232147219,"y":-2.384185791015625e-7,"z":31.848609924316408},"rotation":{"x":0.0,"y":0.9651697278022766,"z":0.0,"w":-0.2616247832775116}},{"objID":{"instanceID":14600},"objName":"Cube","position":{"x":-14.046218872070313,"y":2.4201626777648927,"z":20.608150482177736},"rotation":{"x":0.0,"y":0.0,"z":0.0,"w":1.0}}]}