{"obj":[{"objID":{"instanceID":-1226},"objName":"CompleteTank 2","position":{"x":0.9653580784797669,"y":-0.000016570091247558594,"z":6.049135208129883},"rotation":{"x":0.0,"y":0.986832857131958,"z":0.0,"w":0.16174355149269105}},{"objID":{"instanceID":14274},"objName":"CompleteTank 1","position":{"x":-1.1387473344802857,"y":-2.384185791015625e-7,"z":6.361843109130859},"rotation":{"x":0.0,"y":0.98764967918396,"z":0.0,"w":0.15667816996574403}},{"objID":{"instanceID":14356},"objName":"Cube","position":{"x":-14.046218872070313,"y":2.4201626777648927,"z":20.608150482177736},"rotation":{"x":0.0,"y":0.0,"z":0.0,"w":1.0}}]}