{"obj":[{"objID":{"instanceID":-1226},"objName":"CompleteTank 2","position":{"x":0.7820270657539368,"y":-0.000016629695892333984,"z":6.31063175201416},"rotation":{"x":0.0,"y":0.04188624024391174,"z":0.0,"w":0.9991224408149719}},{"objID":{"instanceID":14274},"objName":"CompleteTank 1","position":{"x":-0.7285906672477722,"y":-2.980232238769531e-7,"z":6.4100022315979},"rotation":{"x":0.0,"y":0.051585108041763309,"z":0.0,"w":0.9986686110496521}},{"objID":{"instanceID":14356},"objName":"Cube","position":{"x":-14.046218872070313,"y":2.4201626777648927,"z":20.608150482177736},"rotation":{"x":0.0,"y":0.0,"z":0.0,"w":1.0}}]}