{"obj":[{"objID":{"instanceID":-1226},"objName":"CompleteTank 2","position":{"x":0.965554416179657,"y":-0.000016570091247558594,"z":6.049153804779053},"rotation":{"x":0.0,"y":0.8934606313705444,"z":0.0,"w":-0.44914162158966067}},{"objID":{"instanceID":14274},"objName":"CompleteTank 1","position":{"x":-1.13908052444458,"y":-4.76837158203125e-7,"z":6.361800670623779},"rotation":{"x":0.0,"y":0.8910881876945496,"z":0.0,"w":-0.45383015275001528}},{"objID":{"instanceID":14356},"objName":"Cube","position":{"x":-14.046218872070313,"y":2.4201626777648927,"z":20.608150482177736},"rotation":{"x":0.0,"y":0.0,"z":0.0,"w":1.0}}]}