{"obj":[{"objID":{"instanceID":-1226},"objName":"CompleteTank 2","position":{"x":0.8037866950035095,"y":-0.00001609325408935547,"z":4.450162887573242},"rotation":{"x":0.0,"y":0.005955337546765804,"z":0.0,"w":0.9999822974205017}},{"objID":{"instanceID":14274},"objName":"CompleteTank 1","position":{"x":-0.6976664066314697,"y":-2.384185791015625e-7,"z":4.473354816436768},"rotation":{"x":0.0,"y":0.005960828624665737,"z":0.0,"w":0.9999822378158569}},{"objID":{"instanceID":14356},"objName":"Cube","position":{"x":-14.046218872070313,"y":2.4201626777648927,"z":20.608150482177736},"rotation":{"x":0.0,"y":0.0,"z":0.0,"w":1.0}}]}