{"obj":[{"objID":{"instanceID":-1238},"objName":"CompleteTank 2","position":{"x":0.7506589889526367,"y":-0.0007127523422241211,"z":-0.012007569894194603},"rotation":{"x":0.0,"y":0.005957453977316618,"z":0.0,"w":0.9999822974205017}},{"objID":{"instanceID":14522},"objName":"CompleteTank 1","position":{"x":-0.7508655190467835,"y":-2.384185791015625e-7,"z":0.011213483288884163},"rotation":{"x":0.0,"y":0.005960846319794655,"z":0.0,"w":0.9999822378158569}},{"objID":{"instanceID":14604},"objName":"Cube","position":{"x":-14.046218872070313,"y":2.4201626777648927,"z":20.608150482177736},"rotation":{"x":0.0,"y":0.0,"z":0.0,"w":1.0}}]}