{"obj":[{"objID":{"instanceID":-1226},"objName":"CompleteTank 2","position":{"x":0.8087900280952454,"y":-0.000016510486602783203,"z":6.221718788146973},"rotation":{"x":0.0,"y":0.19790330529212953,"z":0.0,"w":0.9802215695381165}},{"objID":{"instanceID":14274},"objName":"CompleteTank 1","position":{"x":-0.7877219915390015,"y":-2.980232238769531e-7,"z":6.388212203979492},"rotation":{"x":0.0,"y":0.22770844399929048,"z":0.0,"w":0.9737293720245361}},{"objID":{"instanceID":14356},"objName":"Cube","position":{"x":-14.046218872070313,"y":2.4201626777648927,"z":20.608150482177736},"rotation":{"x":0.0,"y":0.0,"z":0.0,"w":1.0}}]}