{"obj":[{"objID":{"instanceID":-1226},"objName":"CompleteTank 2","position":{"x":0.8060773015022278,"y":-0.000016629695892333984,"z":6.305050373077393},"rotation":{"x":0.0,"y":0.014130685478448868,"z":0.0,"w":0.999900221824646}},{"objID":{"instanceID":14274},"objName":"CompleteTank 1","position":{"x":-0.6877724528312683,"y":-4.172325134277344e-7,"z":6.363125801086426},"rotation":{"x":0.0,"y":0.014756673946976662,"z":0.0,"w":0.9998911619186401}},{"objID":{"instanceID":14356},"objName":"Cube","position":{"x":-14.046218872070313,"y":2.4201626777648927,"z":20.608150482177736},"rotation":{"x":0.0,"y":0.0,"z":0.0,"w":1.0}}]}