{"obj":[{"objID":{"instanceID":-1226},"objName":"CompleteTank 2","position":{"x":0.8137962222099304,"y":-0.000016391277313232422,"z":5.290511131286621},"rotation":{"x":0.0,"y":0.005955253727734089,"z":0.0,"w":0.9999822378158569}},{"objID":{"instanceID":14274},"objName":"CompleteTank 1","position":{"x":-0.6876475214958191,"y":-2.384185791015625e-7,"z":5.3137030601501469},"rotation":{"x":0.0,"y":0.005960817914456129,"z":0.0,"w":0.9999822378158569}},{"objID":{"instanceID":14356},"objName":"Cube","position":{"x":-14.046218872070313,"y":2.4201626777648927,"z":20.608150482177736},"rotation":{"x":0.0,"y":0.0,"z":0.0,"w":1.0}}]}