{"obj":[{"objID":{"instanceID":-1226},"objName":"CompleteTank 2","position":{"x":0.82057124376297,"y":-0.000016748905181884766,"z":6.171583652496338},"rotation":{"x":0.0,"y":0.24498862028121949,"z":0.0,"w":0.9695260524749756}},{"objID":{"instanceID":14274},"objName":"CompleteTank 1","position":{"x":-0.829859733581543,"y":-3.5762786865234377e-7,"z":6.3688201904296879},"rotation":{"x":0.0,"y":0.2832750678062439,"z":0.0,"w":0.9590387344360352}},{"objID":{"instanceID":14356},"objName":"Cube","position":{"x":-14.046218872070313,"y":2.4201626777648927,"z":20.608150482177736},"rotation":{"x":0.0,"y":0.0,"z":0.0,"w":1.0}}]}