{"obj":[{"objID":{"instanceID":-1226},"objName":"CompleteTank 2","position":{"x":0.7525144815444946,"y":-0.000010848045349121094,"z":0.14595770835876466},"rotation":{"x":0.0,"y":0.005956139415502548,"z":0.0,"w":0.9999822974205017}},{"objID":{"instanceID":14274},"objName":"CompleteTank 1","position":{"x":-0.7489824891090393,"y":-2.384185791015625e-7,"z":0.16915158927440644},"rotation":{"x":0.0,"y":0.005960866343230009,"z":0.0,"w":0.9999822378158569}},{"objID":{"instanceID":14356},"objName":"Cube","position":{"x":-14.046218872070313,"y":2.4201626777648927,"z":20.608150482177736},"rotation":{"x":0.0,"y":0.0,"z":0.0,"w":1.0}}]}