{"obj":[{"objID":{"instanceID":-1226},"objName":"CompleteTank 2","position":{"x":0.9613369107246399,"y":-0.000016570091247558594,"z":6.050607681274414},"rotation":{"x":0.0,"y":0.7031297087669373,"z":0.0,"w":0.7110616564750671}},{"objID":{"instanceID":14274},"objName":"CompleteTank 1","position":{"x":-1.1346594095230103,"y":-4.76837158203125e-7,"z":6.36060094833374},"rotation":{"x":0.0,"y":0.7073068618774414,"z":0.0,"w":0.7069067358970642}},{"objID":{"instanceID":14356},"objName":"Cube","position":{"x":-14.046218872070313,"y":2.4201626777648927,"z":20.608150482177736},"rotation":{"x":0.0,"y":0.0,"z":0.0,"w":1.0}}]}