{"obj":[{"objID":{"instanceID":-1226},"objName":"CompleteTank 2","position":{"x":0.9528481960296631,"y":-0.000016689300537109375,"z":6.048985481262207},"rotation":{"x":0.0,"y":0.44552287459373476,"z":0.0,"w":0.8952706456184387}},{"objID":{"instanceID":14274},"objName":"CompleteTank 1","position":{"x":-1.110302448272705,"y":-3.5762786865234377e-7,"z":6.3595428466796879},"rotation":{"x":0.0,"y":0.45475876331329348,"z":0.0,"w":0.8906146883964539}},{"objID":{"instanceID":14356},"objName":"Cube","position":{"x":-14.046218872070313,"y":2.4201626777648927,"z":20.608150482177736},"rotation":{"x":0.0,"y":0.0,"z":0.0,"w":1.0}}]}