{"obj":[{"objID":{"instanceID":-1226},"objName":"CompleteTank 2","position":{"x":0.7825645804405212,"y":-0.000016629695892333984,"z":6.3097662925720219},"rotation":{"x":0.0,"y":0.07553497701883316,"z":0.0,"w":0.9971432089805603}},{"objID":{"instanceID":14274},"objName":"CompleteTank 1","position":{"x":-0.7293025255203247,"y":-3.5762786865234377e-7,"z":6.410783767700195},"rotation":{"x":0.0,"y":0.08496943861246109,"z":0.0,"w":0.9963836073875427}},{"objID":{"instanceID":14356},"objName":"Cube","position":{"x":-14.046218872070313,"y":2.4201626777648927,"z":20.608150482177736},"rotation":{"x":0.0,"y":0.0,"z":0.0,"w":1.0}}]}