{"obj":[{"objID":{"instanceID":-1226},"objName":"CompleteTank 2","position":{"x":0.7671066522598267,"y":-0.000012993812561035156,"z":1.370926856994629},"rotation":{"x":0.0,"y":0.005955844186246395,"z":0.0,"w":0.9999822974205017}},{"objID":{"instanceID":14274},"objName":"CompleteTank 1","position":{"x":-0.7343779802322388,"y":-2.384185791015625e-7,"z":1.3941203355789185},"rotation":{"x":0.0,"y":0.005960837937891483,"z":0.0,"w":0.9999822378158569}},{"objID":{"instanceID":14356},"objName":"Cube","position":{"x":-14.046218872070313,"y":2.4201626777648927,"z":20.608150482177736},"rotation":{"x":0.0,"y":0.0,"z":0.0,"w":1.0}}]}