{"obj":[{"objID":{"instanceID":-1226},"objName":"CompleteTank 2","position":{"x":0.9613368511199951,"y":-0.000016689300537109375,"z":6.050607681274414},"rotation":{"x":0.0,"y":0.8057075142860413,"z":0.0,"w":0.5923137068748474}},{"objID":{"instanceID":14274},"objName":"CompleteTank 1","position":{"x":-1.1346591711044312,"y":-5.960464477539063e-8,"z":6.36060094833374},"rotation":{"x":0.0,"y":0.8091831207275391,"z":0.0,"w":0.5875564813613892}},{"objID":{"instanceID":14356},"objName":"Cube","position":{"x":-14.046218872070313,"y":2.4201626777648927,"z":20.608150482177736},"rotation":{"x":0.0,"y":0.0,"z":0.0,"w":1.0}}]}