{"obj":[{"objID":{"instanceID":-1226},"objName":"CompleteTank 2","position":{"x":0.7809174656867981,"y":-0.000014185905456542969,"z":2.5302987098693849},"rotation":{"x":0.0,"y":0.005955652333796024,"z":0.0,"w":0.9999822974205017}},{"objID":{"instanceID":14274},"objName":"CompleteTank 1","position":{"x":-0.7205555438995361,"y":-2.384185791015625e-7,"z":2.5534915924072267},"rotation":{"x":0.0,"y":0.005960841663181782,"z":0.0,"w":0.9999822378158569}},{"objID":{"instanceID":14356},"objName":"Cube","position":{"x":-14.046218872070313,"y":2.4201626777648927,"z":20.608150482177736},"rotation":{"x":0.0,"y":0.0,"z":0.0,"w":1.0}}]}