{"obj":[{"objID":{"instanceID":-1226},"objName":"CompleteTank 2","position":{"x":0.9613368511199951,"y":-0.000016510486602783203,"z":6.050607681274414},"rotation":{"x":0.0,"y":0.7251177430152893,"z":0.0,"w":0.688624918460846}},{"objID":{"instanceID":14274},"objName":"CompleteTank 1","position":{"x":-1.1346594095230103,"y":-2.384185791015625e-7,"z":6.36060094833374},"rotation":{"x":0.0,"y":0.7291622757911682,"z":0.0,"w":0.6843408346176148}},{"objID":{"instanceID":14356},"objName":"Cube","position":{"x":-14.046218872070313,"y":2.4201626777648927,"z":20.608150482177736},"rotation":{"x":0.0,"y":0.0,"z":0.0,"w":1.0}}]}