{"obj":[{"objID":{"instanceID":-1226},"objName":"CompleteTank 2","position":{"x":0.7573919892311096,"y":-0.000011801719665527344,"z":0.5554081201553345},"rotation":{"x":0.0,"y":0.005955961067229509,"z":0.0,"w":0.9999822974205017}},{"objID":{"instanceID":14274},"objName":"CompleteTank 1","position":{"x":-0.7441009283065796,"y":-2.384185791015625e-7,"z":0.5786017179489136},"rotation":{"x":0.0,"y":0.0059608714655041698,"z":0.0,"w":0.9999822378158569}},{"objID":{"instanceID":14356},"objName":"Cube","position":{"x":-14.046218872070313,"y":2.4201626777648927,"z":20.608150482177736},"rotation":{"x":0.0,"y":0.0,"z":0.0,"w":1.0}}]}