{"obj":[{"objID":{"instanceID":-1226},"objName":"CompleteTank 2","position":{"x":0.8142400979995728,"y":-0.000016450881958007813,"z":6.196201324462891},"rotation":{"x":0.0,"y":0.22091436386108399,"z":0.0,"w":0.9752932190895081}},{"objID":{"instanceID":14274},"objName":"CompleteTank 1","position":{"x":-0.8074629306793213,"y":-2.980232238769531e-7,"z":6.3790178298950199},"rotation":{"x":0.0,"y":0.2556750774383545,"z":0.0,"w":0.9667627811431885}},{"objID":{"instanceID":14356},"objName":"Cube","position":{"x":-14.046218872070313,"y":2.4201626777648927,"z":20.608150482177736},"rotation":{"x":0.0,"y":0.0,"z":0.0,"w":1.0}}]}