{"obj":[{"objID":{"instanceID":-1226},"objName":"CompleteTank 2","position":{"x":0.8116194605827332,"y":-0.000016748905181884766,"z":5.1077470779418949},"rotation":{"x":0.0,"y":0.0059551359154284,"z":0.0,"w":0.9999823570251465}},{"objID":{"instanceID":14274},"objName":"CompleteTank 1","position":{"x":-0.689826488494873,"y":-2.384185791015625e-7,"z":5.13093900680542},"rotation":{"x":0.0,"y":0.0059608169831335548,"z":0.0,"w":0.9999822378158569}},{"objID":{"instanceID":14356},"objName":"Cube","position":{"x":-14.046218872070313,"y":2.4201626777648927,"z":20.608150482177736},"rotation":{"x":0.0,"y":0.0,"z":0.0,"w":1.0}}]}