{"obj":[{"objID":{"instanceID":-1226},"objName":"CompleteTank 2","position":{"x":0.9613369703292847,"y":-0.000016570091247558594,"z":6.050607681274414},"rotation":{"x":0.0,"y":0.873590886592865,"z":0.0,"w":0.4866611063480377}},{"objID":{"instanceID":14274},"objName":"CompleteTank 1","position":{"x":-1.1346590518951417,"y":-3.5762786865234377e-7,"z":6.36060094833374},"rotation":{"x":0.0,"y":0.8764427900314331,"z":0.0,"w":0.4815060794353485}},{"objID":{"instanceID":14356},"objName":"Cube","position":{"x":-14.046218872070313,"y":2.4201626777648927,"z":20.608150482177736},"rotation":{"x":0.0,"y":0.0,"z":0.0,"w":1.0}}]}