{"obj":[{"objID":{"instanceID":-1238},"objName":"CompleteTank 2","position":{"x":0.750647246837616,"y":-0.00043851137161254883,"z":-0.011995427310466767},"rotation":{"x":0.0,"y":0.005955196917057037,"z":0.0,"w":0.9999823570251465}},{"objID":{"instanceID":14522},"objName":"CompleteTank 1","position":{"x":-0.7508655190467835,"y":-2.384185791015625e-7,"z":0.011213483288884163},"rotation":{"x":0.0,"y":0.005960846319794655,"z":0.0,"w":0.9999822378158569}},{"objID":{"instanceID":14604},"objName":"Cube","position":{"x":-14.046218872070313,"y":2.4201626777648927,"z":20.608150482177736},"rotation":{"x":0.0,"y":0.0,"z":0.0,"w":1.0}}]}