{"obj":[{"objID":{"instanceID":-1226},"objName":"CompleteTank 2","position":{"x":0.7952108383178711,"y":-0.00001537799835205078,"z":3.7302136421203615},"rotation":{"x":0.0,"y":0.005955503322184086,"z":0.0,"w":0.9999822974205017}},{"objID":{"instanceID":14274},"objName":"CompleteTank 1","position":{"x":-0.7062498331069946,"y":-2.384185791015625e-7,"z":3.753405809402466},"rotation":{"x":0.0,"y":0.005960832349956036,"z":0.0,"w":0.9999822378158569}},{"objID":{"instanceID":14356},"objName":"Cube","position":{"x":-14.046218872070313,"y":2.4201626777648927,"z":20.608150482177736},"rotation":{"x":0.0,"y":0.0,"z":0.0,"w":1.0}}]}