{"obj":[{"objID":{"instanceID":-1226},"objName":"CompleteTank 2","position":{"x":0.7821210026741028,"y":-0.000016391277313232422,"z":6.310458183288574},"rotation":{"x":0.0,"y":0.05094371363520622,"z":0.0,"w":0.9987015128135681}},{"objID":{"instanceID":14274},"objName":"CompleteTank 1","position":{"x":-0.7287287712097168,"y":-3.5762786865234377e-7,"z":6.410162925720215},"rotation":{"x":0.0,"y":0.06059417128562927,"z":0.0,"w":0.9981625080108643}},{"objID":{"instanceID":14356},"objName":"Cube","position":{"x":-14.046218872070313,"y":2.4201626777648927,"z":20.608150482177736},"rotation":{"x":0.0,"y":0.0,"z":0.0,"w":1.0}}]}