{"obj":[{"objID":{"instanceID":-1226},"objName":"CompleteTank 2","position":{"x":0.7877804636955261,"y":-0.000016450881958007813,"z":6.307979106903076},"rotation":{"x":0.0,"y":0.12638342380523683,"z":0.0,"w":0.9919814467430115}},{"objID":{"instanceID":14274},"objName":"CompleteTank 1","position":{"x":-0.7381068468093872,"y":-2.384185791015625e-7,"z":6.41005277633667},"rotation":{"x":0.0,"y":0.132848858833313,"z":0.0,"w":0.9911363124847412}},{"objID":{"instanceID":14356},"objName":"Cube","position":{"x":-14.046218872070313,"y":2.4201626777648927,"z":20.608150482177736},"rotation":{"x":0.0,"y":0.0,"z":0.0,"w":1.0}}]}