{"obj":[{"objID":{"instanceID":-1226},"objName":"CompleteTank 2","position":{"x":0.7535099387168884,"y":-0.000011086463928222656,"z":0.2295246422290802},"rotation":{"x":0.0,"y":0.0059560746885836128,"z":0.0,"w":0.9999822974205017}},{"objID":{"instanceID":14274},"objName":"CompleteTank 1","position":{"x":-0.7479861974716187,"y":-2.384185791015625e-7,"z":0.2527185082435608},"rotation":{"x":0.0,"y":0.005960862617939711,"z":0.0,"w":0.9999822378158569}},{"objID":{"instanceID":14356},"objName":"Cube","position":{"x":-14.046218872070313,"y":2.4201626777648927,"z":20.608150482177736},"rotation":{"x":0.0,"y":0.0,"z":0.0,"w":1.0}}]}