{"obj":[{"objID":{"instanceID":-1226},"objName":"CompleteTank 2","position":{"x":0.9613363146781921,"y":-0.000016510486602783203,"z":6.050607204437256},"rotation":{"x":0.0,"y":0.5310830473899841,"z":0.0,"w":0.8473197817802429}},{"objID":{"instanceID":14274},"objName":"CompleteTank 1","position":{"x":-1.1344642639160157,"y":-4.76837158203125e-7,"z":6.360530376434326},"rotation":{"x":0.0,"y":0.5361118912696838,"z":0.0,"w":0.8441470265388489}},{"objID":{"instanceID":14356},"objName":"Cube","position":{"x":-14.046218872070313,"y":2.4201626777648927,"z":20.608150482177736},"rotation":{"x":0.0,"y":0.0,"z":0.0,"w":1.0}}]}