{"obj":[{"objID":{"instanceID":-1226},"objName":"CompleteTank 2","position":{"x":0.8885003924369812,"y":-0.000016689300537109375,"z":6.072078704833984},"rotation":{"x":0.0,"y":0.3868662714958191,"z":0.0,"w":0.9221358895301819}},{"objID":{"instanceID":14274},"objName":"CompleteTank 1","position":{"x":-1.0084995031356812,"y":-2.980232238769531e-7,"z":6.3407111167907719},"rotation":{"x":0.0,"y":0.4113926589488983,"z":0.0,"w":0.9114582538604736}},{"objID":{"instanceID":14356},"objName":"Cube","position":{"x":-14.046218872070313,"y":2.4201626777648927,"z":20.608150482177736},"rotation":{"x":0.0,"y":0.0,"z":0.0,"w":1.0}}]}