{"obj":[{"objID":{"instanceID":-1226},"objName":"CompleteTank 2","position":{"x":0.9655551314353943,"y":-0.00001633167266845703,"z":6.049153804779053},"rotation":{"x":0.0,"y":0.8634957671165466,"z":0.0,"w":-0.5043560266494751}},{"objID":{"instanceID":14274},"objName":"CompleteTank 1","position":{"x":-1.1390905380249024,"y":-5.960464477539063e-7,"z":6.361798286437988},"rotation":{"x":0.0,"y":0.8608323931694031,"z":0.0,"w":-0.5088886618614197}},{"objID":{"instanceID":14356},"objName":"Cube","position":{"x":-14.046218872070313,"y":2.4201626777648927,"z":20.608150482177736},"rotation":{"x":0.0,"y":0.0,"z":0.0,"w":1.0}}]}