{"obj":[{"objID":{"instanceID":-1226},"objName":"CompleteTank 2","position":{"x":0.9653581976890564,"y":-0.000016450881958007813,"z":6.049136161804199},"rotation":{"x":0.0,"y":0.9493809938430786,"z":0.0,"w":0.3141268789768219}},{"objID":{"instanceID":14274},"objName":"CompleteTank 1","position":{"x":-1.1387474536895753,"y":-2.384185791015625e-7,"z":6.361842632293701},"rotation":{"x":0.0,"y":0.9509803056716919,"z":0.0,"w":0.3092515170574188}},{"objID":{"instanceID":14356},"objName":"Cube","position":{"x":-14.046218872070313,"y":2.4201626777648927,"z":20.608150482177736},"rotation":{"x":0.0,"y":0.0,"z":0.0,"w":1.0}}]}