{"obj":[{"objID":{"instanceID":-1226},"objName":"CompleteTank 2","position":{"x":0.7980694770812988,"y":-0.000015616416931152344,"z":3.9701967239379885},"rotation":{"x":0.0,"y":0.005955472122877836,"z":0.0,"w":0.9999822974205017}},{"objID":{"instanceID":14274},"objName":"CompleteTank 1","position":{"x":-0.7033886909484863,"y":-2.384185791015625e-7,"z":3.9933886528015138},"rotation":{"x":0.0,"y":0.005960831418633461,"z":0.0,"w":0.9999822378158569}},{"objID":{"instanceID":14356},"objName":"Cube","position":{"x":-14.046218872070313,"y":2.4201626777648927,"z":20.608150482177736},"rotation":{"x":0.0,"y":0.0,"z":0.0,"w":1.0}}]}