{"obj":[{"objID":{"instanceID":-1226},"objName":"CompleteTank 2","position":{"x":0.9655548930168152,"y":-0.000016629695892333984,"z":6.0491533279418949},"rotation":{"x":0.0,"y":0.6869082450866699,"z":0.0,"w":-0.7267442345619202}},{"objID":{"instanceID":14274},"objName":"CompleteTank 1","position":{"x":-1.1390905380249024,"y":-9.5367431640625e-7,"z":6.361798286437988},"rotation":{"x":0.0,"y":0.6830783486366272,"z":0.0,"w":-0.7303451895713806}},{"objID":{"instanceID":14356},"objName":"Cube","position":{"x":-14.046218872070313,"y":2.4201626777648927,"z":20.608150482177736},"rotation":{"x":0.0,"y":0.0,"z":0.0,"w":1.0}}]}