{"obj":[{"objID":{"instanceID":-1226},"objName":"CompleteTank 2","position":{"x":0.8467429876327515,"y":-0.000016689300537109375,"z":6.1099090576171879},"rotation":{"x":0.0,"y":0.3191133141517639,"z":0.0,"w":0.9477166533470154}},{"objID":{"instanceID":14274},"objName":"CompleteTank 1","position":{"x":-0.9123310446739197,"y":-2.384185791015625e-7,"z":6.344918727874756},"rotation":{"x":0.0,"y":0.35685428977012637,"z":0.0,"w":0.934160053730011}},{"objID":{"instanceID":14356},"objName":"Cube","position":{"x":-14.046218872070313,"y":2.4201626777648927,"z":20.608150482177736},"rotation":{"x":0.0,"y":0.0,"z":0.0,"w":1.0}}]}