{"obj":[{"objID":{"instanceID":-1226},"objName":"CompleteTank 2","position":{"x":0.9613368511199951,"y":-0.000016450881958007813,"z":6.050607681274414},"rotation":{"x":0.0,"y":0.746390163898468,"z":0.0,"w":0.6655086278915405}},{"objID":{"instanceID":14274},"objName":"CompleteTank 1","position":{"x":-1.1346594095230103,"y":-2.384185791015625e-7,"z":6.36060094833374},"rotation":{"x":0.0,"y":0.7502981424331665,"z":0.0,"w":0.6610996127128601}},{"objID":{"instanceID":14356},"objName":"Cube","position":{"x":-14.046218872070313,"y":2.4201626777648927,"z":20.608150482177736},"rotation":{"x":0.0,"y":0.0,"z":0.0,"w":1.0}}]}