{"obj":[{"objID":{"instanceID":-1226},"objName":"CompleteTank 2","position":{"x":0.9655545353889465,"y":-0.000016510486602783203,"z":6.0491533279418949},"rotation":{"x":0.0,"y":0.6780540347099304,"z":0.0,"w":-0.7350121140480042}},{"objID":{"instanceID":14274},"objName":"CompleteTank 1","position":{"x":-1.1390904188156129,"y":-7.152557373046875e-7,"z":6.361798286437988},"rotation":{"x":0.0,"y":0.674180269241333,"z":0.0,"w":-0.7385668158531189}},{"objID":{"instanceID":14356},"objName":"Cube","position":{"x":-14.046218872070313,"y":2.4201626777648927,"z":20.608150482177736},"rotation":{"x":0.0,"y":0.0,"z":0.0,"w":1.0}}]}