{"obj":[{"objID":{"instanceID":-1226},"objName":"CompleteTank 2","position":{"x":0.96555495262146,"y":-0.000016570091247558594,"z":6.0491533279418949},"rotation":{"x":0.0,"y":0.7190594673156738,"z":0.0,"w":-0.6949486136436462}},{"objID":{"instanceID":14274},"objName":"CompleteTank 1","position":{"x":-1.139090657234192,"y":-9.5367431640625e-7,"z":6.361798286437988},"rotation":{"x":0.0,"y":0.7153961658477783,"z":0.0,"w":-0.6987191438674927}},{"objID":{"instanceID":14356},"objName":"Cube","position":{"x":-14.046218872070313,"y":2.4201626777648927,"z":20.608150482177736},"rotation":{"x":0.0,"y":0.0,"z":0.0,"w":1.0}}]}