{"obj":[{"objID":{"instanceID":-1226},"objName":"CompleteTank 2","position":{"x":0.9613370299339294,"y":-0.000016450881958007813,"z":6.050607681274414},"rotation":{"x":0.0,"y":0.9024247527122498,"z":0.0,"w":0.43084749579429629}},{"objID":{"instanceID":14274},"objName":"CompleteTank 1","position":{"x":-1.134658932685852,"y":-1.7881393432617188e-7,"z":6.36060094833374},"rotation":{"x":0.0,"y":0.9049472808837891,"z":0.0,"w":0.42552366852760317}},{"objID":{"instanceID":14356},"objName":"Cube","position":{"x":-14.046218872070313,"y":2.4201626777648927,"z":20.608150482177736},"rotation":{"x":0.0,"y":0.0,"z":0.0,"w":1.0}}]}