{"obj":[{"objID":{"instanceID":-1226},"objName":"CompleteTank 2","position":{"x":0.9655550718307495,"y":-0.000016510486602783203,"z":6.0491533279418949},"rotation":{"x":0.0,"y":0.8139797449111939,"z":0.0,"w":-0.5808932781219482}},{"objID":{"instanceID":14274},"objName":"CompleteTank 1","position":{"x":-1.1390905380249024,"y":-8.344650268554688e-7,"z":6.361798286437988},"rotation":{"x":0.0,"y":0.8109146356582642,"z":0.0,"w":-0.5851645469665527}},{"objID":{"instanceID":14356},"objName":"Cube","position":{"x":-14.046218872070313,"y":2.4201626777648927,"z":20.608150482177736},"rotation":{"x":0.0,"y":0.0,"z":0.0,"w":1.0}}]}