{"obj":[{"objID":{"instanceID":-1226},"objName":"CompleteTank 2","position":{"x":0.7200010418891907,"y":5.960464477539063e-8,"z":-0.004139274824410677},"rotation":{"x":0.0,"y":0.0033989311195909979,"z":0.0,"w":0.9999942183494568}},{"objID":{"instanceID":14274},"objName":"CompleteTank 1","position":{"x":-0.7200010418891907,"y":-3.5762786865234377e-7,"z":0.004139274824410677},"rotation":{"x":0.0,"y":0.003445521928369999,"z":0.0,"w":0.9999940991401672}},{"objID":{"instanceID":14356},"objName":"Cube","position":{"x":-14.046218872070313,"y":2.4201626777648927,"z":20.608150482177736},"rotation":{"x":0.0,"y":0.0,"z":0.0,"w":1.0}}]}