{"obj":[{"objID":{"instanceID":-1226},"objName":"CompleteTank 2","position":{"x":0.9074998497962952,"y":-0.000016570091247558594,"z":6.063902378082275},"rotation":{"x":0.0,"y":0.40730682015419009,"z":0.0,"w":0.9132913947105408}},{"objID":{"instanceID":14274},"objName":"CompleteTank 1","position":{"x":-1.0424038171768189,"y":-4.76837158203125e-7,"z":6.344690322875977},"rotation":{"x":0.0,"y":0.4270673096179962,"z":0.0,"w":0.904219925403595}},{"objID":{"instanceID":14356},"objName":"Cube","position":{"x":-14.046218872070313,"y":2.4201626777648927,"z":20.608150482177736},"rotation":{"x":0.0,"y":0.0,"z":0.0,"w":1.0}}]}