{"obj":[{"objID":{"instanceID":-1226},"objName":"CompleteTank 2","position":{"x":0.7589693069458008,"y":-0.000012040138244628906,"z":0.6878283023834229},"rotation":{"x":0.0,"y":0.005955932196229696,"z":0.0,"w":0.9999822974205017}},{"objID":{"instanceID":14274},"objName":"CompleteTank 1","position":{"x":-0.7425221800804138,"y":-2.384185791015625e-7,"z":0.7110217809677124},"rotation":{"x":0.0,"y":0.005960855633020401,"z":0.0,"w":0.9999822378158569}},{"objID":{"instanceID":14356},"objName":"Cube","position":{"x":-14.046218872070313,"y":2.4201626777648927,"z":20.608150482177736},"rotation":{"x":0.0,"y":0.0,"z":0.0,"w":1.0}}]}