{"obj":[{"objID":{"instanceID":-1226},"objName":"CompleteTank 2","position":{"x":0.8225956559181213,"y":-0.000016391277313232422,"z":6.029297351837158},"rotation":{"x":0.0,"y":0.005955992732197046,"z":0.0,"w":0.9999822378158569}},{"objID":{"instanceID":14274},"objName":"CompleteTank 1","position":{"x":-0.6788395047187805,"y":-2.384185791015625e-7,"z":6.052488327026367},"rotation":{"x":0.0,"y":0.005960818845778704,"z":0.0,"w":0.9999822378158569}},{"objID":{"instanceID":14356},"objName":"Cube","position":{"x":-14.046218872070313,"y":2.4201626777648927,"z":20.608150482177736},"rotation":{"x":0.0,"y":0.0,"z":0.0,"w":1.0}}]}