{"obj":[{"objID":{"instanceID":-1238},"objName":"CompleteTank 2","position":{"x":0.7506466507911682,"y":-0.00040161609649658203,"z":-0.011995512060821057},"rotation":{"x":0.0,"y":0.005956136621534824,"z":0.0,"w":0.9999822974205017}},{"objID":{"instanceID":14522},"objName":"CompleteTank 1","position":{"x":-0.7508655190467835,"y":-2.384185791015625e-7,"z":0.011213483288884163},"rotation":{"x":0.0,"y":0.005960846319794655,"z":0.0,"w":0.9999822378158569}},{"objID":{"instanceID":14604},"objName":"Cube","position":{"x":-14.046218872070313,"y":2.4201626777648927,"z":20.608150482177736},"rotation":{"x":0.0,"y":0.0,"z":0.0,"w":1.0}}]}