{"obj":[{"objID":{"instanceID":-1226},"objName":"CompleteTank 2","position":{"x":0.9653853178024292,"y":-0.000016629695892333984,"z":6.049170017242432},"rotation":{"x":0.0,"y":0.9390420317649841,"z":0.0,"w":0.3438025414943695}},{"objID":{"instanceID":14274},"objName":"CompleteTank 1","position":{"x":-1.138767957687378,"y":-2.384185791015625e-7,"z":6.361822128295898},"rotation":{"x":0.0,"y":0.9407997131347656,"z":0.0,"w":0.33896303176879885}},{"objID":{"instanceID":14356},"objName":"Cube","position":{"x":-14.046218872070313,"y":2.4201626777648927,"z":20.608150482177736},"rotation":{"x":0.0,"y":0.0,"z":0.0,"w":1.0}}]}