{"obj":[{"objID":{"instanceID":-1226},"objName":"CompleteTank 2","position":{"x":0.9655548930168152,"y":-0.000016510486602783203,"z":6.0491533279418949},"rotation":{"x":0.0,"y":0.6927077174186707,"z":0.0,"w":-0.721218466758728}},{"objID":{"instanceID":14274},"objName":"CompleteTank 1","position":{"x":-1.1390905380249024,"y":-8.940696716308594e-7,"z":6.361798286437988},"rotation":{"x":0.0,"y":0.688906729221344,"z":0.0,"w":-0.724850058555603}},{"objID":{"instanceID":14356},"objName":"Cube","position":{"x":-14.046218872070313,"y":2.4201626777648927,"z":20.608150482177736},"rotation":{"x":0.0,"y":0.0,"z":0.0,"w":1.0}}]}