{"obj":[{"objID":{"instanceID":-1226},"objName":"CompleteTank 2","position":{"x":0.9653581976890564,"y":-0.000016391277313232422,"z":6.049135208129883},"rotation":{"x":0.0,"y":0.9993231892585754,"z":0.0,"w":0.03678523004055023}},{"objID":{"instanceID":14274},"objName":"CompleteTank 1","position":{"x":-1.1387473344802857,"y":-4.76837158203125e-7,"z":6.361843109130859},"rotation":{"x":0.0,"y":0.9994988441467285,"z":0.0,"w":0.03165740147233009}},{"objID":{"instanceID":14356},"objName":"Cube","position":{"x":-14.046218872070313,"y":2.4201626777648927,"z":20.608150482177736},"rotation":{"x":0.0,"y":0.0,"z":0.0,"w":1.0}}]}