{"obj":[{"objID":{"instanceID":-1226},"objName":"CompleteTank 2","position":{"x":0.9655547738075256,"y":-0.000016570091247558594,"z":6.0491533279418949},"rotation":{"x":0.0,"y":0.6781101226806641,"z":0.0,"w":-0.7349603772163391}},{"objID":{"instanceID":14274},"objName":"CompleteTank 1","position":{"x":-1.1390904188156129,"y":-6.556510925292969e-7,"z":6.361798286437988},"rotation":{"x":0.0,"y":0.6742370128631592,"z":0.0,"w":-0.7385150194168091}},{"objID":{"instanceID":14356},"objName":"Cube","position":{"x":-14.046218872070313,"y":2.4201626777648927,"z":20.608150482177736},"rotation":{"x":0.0,"y":0.0,"z":0.0,"w":1.0}}]}