{"obj":[{"objID":{"instanceID":-1226},"objName":"CompleteTank 2","position":{"x":0.9653581380844116,"y":-0.000016570091247558594,"z":6.049135208129883},"rotation":{"x":0.0,"y":0.9527045488357544,"z":0.0,"w":-0.3038981556892395}},{"objID":{"instanceID":14274},"objName":"CompleteTank 1","position":{"x":-1.1387473344802857,"y":-7.748603820800781e-7,"z":6.361843109130859},"rotation":{"x":0.0,"y":0.9511328339576721,"z":0.0,"w":-0.30878227949142458}},{"objID":{"instanceID":14356},"objName":"Cube","position":{"x":-14.046218872070313,"y":2.4201626777648927,"z":20.608150482177736},"rotation":{"x":0.0,"y":0.0,"z":0.0,"w":1.0}}]}