{"obj":[{"objID":{"instanceID":-1226},"objName":"CompleteTank 2","position":{"x":0.7835245132446289,"y":-0.000016570091247558594,"z":6.309388637542725},"rotation":{"x":0.0,"y":0.09022241830825806,"z":0.0,"w":0.9959216713905335}},{"objID":{"instanceID":14274},"objName":"CompleteTank 1","position":{"x":-0.7303451895713806,"y":-4.172325134277344e-7,"z":6.41111421585083},"rotation":{"x":0.0,"y":0.09888969361782074,"z":0.0,"w":0.9950984716415405}},{"objID":{"instanceID":14356},"objName":"Cube","position":{"x":-14.046218872070313,"y":2.4201626777648927,"z":20.608150482177736},"rotation":{"x":0.0,"y":0.0,"z":0.0,"w":1.0}}]}