{"obj":[{"objID":{"instanceID":-1226},"objName":"CompleteTank 2","position":{"x":0.9653581380844116,"y":-0.000016450881958007813,"z":6.049135208129883},"rotation":{"x":0.0,"y":0.9426887631416321,"z":0.0,"w":-0.333673357963562}},{"objID":{"instanceID":14274},"objName":"CompleteTank 1","position":{"x":-1.1387473344802857,"y":-6.556510925292969e-7,"z":6.361843109130859},"rotation":{"x":0.0,"y":0.94096440076828,"z":0.0,"w":-0.33850571513175967}},{"objID":{"instanceID":14356},"objName":"Cube","position":{"x":-14.046218872070313,"y":2.4201626777648927,"z":20.608150482177736},"rotation":{"x":0.0,"y":0.0,"z":0.0,"w":1.0}}]}