{"obj":[{"objID":{"instanceID":-1226},"objName":"CompleteTank 2","position":{"x":0.8212342262268066,"y":-0.00001633167266845703,"z":6.281052112579346},"rotation":{"x":0.0,"y":0.0077859777957201,"z":0.0,"w":0.9999696612358093}},{"objID":{"instanceID":14274},"objName":"CompleteTank 1","position":{"x":-0.6768068671226502,"y":-3.5762786865234377e-7,"z":6.311407566070557},"rotation":{"x":0.0,"y":0.005893198307603598,"z":0.0,"w":0.9999826550483704}},{"objID":{"instanceID":14356},"objName":"Cube","position":{"x":-14.046218872070313,"y":2.4201626777648927,"z":20.608150482177736},"rotation":{"x":0.0,"y":0.0,"z":0.0,"w":1.0}}]}