{"obj":[{"objID":{"instanceID":-1226},"objName":"CompleteTank 2","position":{"x":0.9613368511199951,"y":-0.000016450881958007813,"z":6.050607681274414},"rotation":{"x":0.0,"y":0.63309246301651,"z":0.0,"w":0.7740761637687683}},{"objID":{"instanceID":14274},"objName":"CompleteTank 1","position":{"x":-1.1346594095230103,"y":-4.172325134277344e-7,"z":6.36060094833374},"rotation":{"x":0.0,"y":0.6376420259475708,"z":0.0,"w":0.7703328728675842}},{"objID":{"instanceID":14356},"objName":"Cube","position":{"x":-14.046218872070313,"y":2.4201626777648927,"z":20.608150482177736},"rotation":{"x":0.0,"y":0.0,"z":0.0,"w":1.0}}]}