{"obj":[{"objID":{"instanceID":-1226},"objName":"CompleteTank 2","position":{"x":0.7546801567077637,"y":-0.000011324882507324219,"z":0.32775500416755679},"rotation":{"x":0.0,"y":0.0059560067020356659,"z":0.0,"w":0.9999822974205017}},{"objID":{"instanceID":14274},"objName":"CompleteTank 1","position":{"x":-0.7468150854110718,"y":-2.384185791015625e-7,"z":0.35094884037971499},"rotation":{"x":0.0,"y":0.0059608654119074348,"z":0.0,"w":0.9999822378158569}},{"objID":{"instanceID":14356},"objName":"Cube","position":{"x":-14.046218872070313,"y":2.4201626777648927,"z":20.608150482177736},"rotation":{"x":0.0,"y":0.0,"z":0.0,"w":1.0}}]}