{"obj":[{"objID":{"instanceID":-1226},"objName":"CompleteTank 2","position":{"x":0.8361920118331909,"y":-0.00001633167266845703,"z":6.127657890319824},"rotation":{"x":0.0,"y":0.2951403558254242,"z":0.0,"w":0.9554538726806641}},{"objID":{"instanceID":14274},"objName":"CompleteTank 1","position":{"x":-0.8833726048469544,"y":-4.76837158203125e-7,"z":6.35129976272583},"rotation":{"x":0.0,"y":0.33475351333618166,"z":0.0,"w":0.9423058032989502}},{"objID":{"instanceID":14356},"objName":"Cube","position":{"x":-14.046218872070313,"y":2.4201626777648927,"z":20.608150482177736},"rotation":{"x":0.0,"y":0.0,"z":0.0,"w":1.0}}]}