{"obj":[{"objID":{"instanceID":-1226},"objName":"CompleteTank 2","position":{"x":0.8278167247772217,"y":-0.000016689300537109375,"z":6.148298740386963},"rotation":{"x":0.0,"y":0.27027398347854617,"z":0.0,"w":0.9627835154533386}},{"objID":{"instanceID":14274},"objName":"CompleteTank 1","position":{"x":-0.8556941747665405,"y":-2.384185791015625e-7,"z":6.359401226043701},"rotation":{"x":0.0,"y":0.31026411056518557,"z":0.0,"w":0.9506503939628601}},{"objID":{"instanceID":14356},"objName":"Cube","position":{"x":-14.046218872070313,"y":2.4201626777648927,"z":20.608150482177736},"rotation":{"x":0.0,"y":0.0,"z":0.0,"w":1.0}}]}