{"obj":[{"objID":{"instanceID":-1226},"objName":"CompleteTank 2","position":{"x":0.9295368790626526,"y":-0.000016450881958007813,"z":6.056373596191406},"rotation":{"x":0.0,"y":0.42700815200805666,"z":0.0,"w":0.9042477607727051}},{"objID":{"instanceID":14274},"objName":"CompleteTank 1","position":{"x":-1.0763018131256104,"y":-3.5762786865234377e-7,"z":6.351619720458984},"rotation":{"x":0.0,"y":0.4409934878349304,"z":0.0,"w":0.8975103497505188}},{"objID":{"instanceID":14356},"objName":"Cube","position":{"x":-14.046218872070313,"y":2.4201626777648927,"z":20.608150482177736},"rotation":{"x":0.0,"y":0.0,"z":0.0,"w":1.0}}]}