{"obj":[{"objID":{"instanceID":-1226},"objName":"CompleteTank 2","position":{"x":0.9613267183303833,"y":-0.000016510486602783203,"z":6.050602912902832},"rotation":{"x":0.0,"y":0.5042040348052979,"z":0.0,"w":0.863584578037262}},{"objID":{"instanceID":14274},"objName":"CompleteTank 1","position":{"x":-1.1322418451309205,"y":-2.384185791015625e-7,"z":6.359935760498047},"rotation":{"x":0.0,"y":0.5100327134132385,"z":0.0,"w":0.8601549863815308}},{"objID":{"instanceID":14356},"objName":"Cube","position":{"x":-14.046218872070313,"y":2.4201626777648927,"z":20.608150482177736},"rotation":{"x":0.0,"y":0.0,"z":0.0,"w":1.0}}]}