{"obj":[{"objID":{"instanceID":-1226},"objName":"CompleteTank 2","position":{"x":0.9655551314353943,"y":-0.000016570091247558594,"z":6.0491533279418949},"rotation":{"x":0.0,"y":0.8301231265068054,"z":0.0,"w":-0.5575801730155945}},{"objID":{"instanceID":14274},"objName":"CompleteTank 1","position":{"x":-1.1390905380249024,"y":-7.152557373046875e-7,"z":6.361798286437988},"rotation":{"x":0.0,"y":0.8271803855895996,"z":0.0,"w":-0.5619365572929382}},{"objID":{"instanceID":14356},"objName":"Cube","position":{"x":-14.046218872070313,"y":2.4201626777648927,"z":20.608150482177736},"rotation":{"x":0.0,"y":0.0,"z":0.0,"w":1.0}}]}