{"obj":[{"objID":{"instanceID":-1226},"objName":"CompleteTank 2","position":{"x":0.7648048400878906,"y":-0.000012755393981933594,"z":1.1776959896087647},"rotation":{"x":0.0,"y":0.0059558623470366,"z":0.0,"w":0.9999822974205017}},{"objID":{"instanceID":14274},"objName":"CompleteTank 1","position":{"x":-0.7366817593574524,"y":-2.384185791015625e-7,"z":1.2008894681930543},"rotation":{"x":0.0,"y":0.005960850045084953,"z":0.0,"w":0.9999822378158569}},{"objID":{"instanceID":14356},"objName":"Cube","position":{"x":-14.046218872070313,"y":2.4201626777648927,"z":20.608150482177736},"rotation":{"x":0.0,"y":0.0,"z":0.0,"w":1.0}}]}