{"obj":[{"objID":{"instanceID":-1226},"objName":"CompleteTank 2","position":{"x":0.7819979786872864,"y":-0.000016748905181884766,"z":6.310715198516846},"rotation":{"x":0.0,"y":0.03435787186026573,"z":0.0,"w":0.9994096755981445}},{"objID":{"instanceID":14274},"objName":"CompleteTank 1","position":{"x":-0.7282449007034302,"y":-2.980232238769531e-7,"z":6.410270690917969},"rotation":{"x":0.0,"y":0.04418380558490753,"z":0.0,"w":0.9990234375}},{"objID":{"instanceID":14356},"objName":"Cube","position":{"x":-14.046218872070313,"y":2.4201626777648927,"z":20.608150482177736},"rotation":{"x":0.0,"y":0.0,"z":0.0,"w":1.0}}]}