{"obj":[{"objID":{"instanceID":-1226},"objName":"CompleteTank 2","position":{"x":0.7819952368736267,"y":-0.000016570091247558594,"z":6.3108367919921879},"rotation":{"x":0.0,"y":0.028337819501757623,"z":0.0,"w":0.9995984435081482}},{"objID":{"instanceID":14274},"objName":"CompleteTank 1","position":{"x":-0.7256458401679993,"y":-2.980232238769531e-7,"z":6.412509918212891},"rotation":{"x":0.0,"y":0.03675967454910278,"z":0.0,"w":0.9993241429328919}},{"objID":{"instanceID":14356},"objName":"Cube","position":{"x":-14.046218872070313,"y":2.4201626777648927,"z":20.608150482177736},"rotation":{"x":0.0,"y":0.0,"z":0.0,"w":1.0}}]}