{"obj":[{"objID":{"instanceID":-1226},"objName":"CompleteTank 2","position":{"x":0.9655551314353943,"y":-0.000016450881958007813,"z":6.049153804779053},"rotation":{"x":0.0,"y":0.8789119124412537,"z":0.0,"w":-0.4769841134548187}},{"objID":{"instanceID":14274},"objName":"CompleteTank 1","position":{"x":-1.1390901803970338,"y":-3.5762786865234377e-7,"z":6.361798286437988},"rotation":{"x":0.0,"y":0.8763921856880188,"z":0.0,"w":-0.48159804940223696}},{"objID":{"instanceID":14356},"objName":"Cube","position":{"x":-14.046218872070313,"y":2.4201626777648927,"z":20.608150482177736},"rotation":{"x":0.0,"y":0.0,"z":0.0,"w":1.0}}]}