{"obj":[{"objID":{"instanceID":-1226},"objName":"CompleteTank 2","position":{"x":0.7752000093460083,"y":-0.000013709068298339844,"z":2.050332546234131},"rotation":{"x":0.0,"y":0.0059557403437793259,"z":0.0,"w":0.9999822974205017}},{"objID":{"instanceID":14274},"objName":"CompleteTank 1","position":{"x":-0.7262778282165527,"y":-2.384185791015625e-7,"z":2.073525905609131},"rotation":{"x":0.0,"y":0.0059608458541333679,"z":0.0,"w":0.9999822378158569}},{"objID":{"instanceID":14356},"objName":"Cube","position":{"x":-14.046218872070313,"y":2.4201626777648927,"z":20.608150482177736},"rotation":{"x":0.0,"y":0.0,"z":0.0,"w":1.0}}]}