{"obj":[{"objID":{"instanceID":-1226},"objName":"CompleteTank 2","position":{"x":0.8177075386047363,"y":-0.000016391277313232422,"z":5.618901252746582},"rotation":{"x":0.0,"y":0.005955516826361418,"z":0.0,"w":0.9999822378158569}},{"objID":{"instanceID":14274},"objName":"CompleteTank 1","position":{"x":-0.6837323307991028,"y":-2.384185791015625e-7,"z":5.642093181610107},"rotation":{"x":0.0,"y":0.00596082117408514,"z":0.0,"w":0.9999822378158569}},{"objID":{"instanceID":14356},"objName":"Cube","position":{"x":-14.046218872070313,"y":2.4201626777648927,"z":20.608150482177736},"rotation":{"x":0.0,"y":0.0,"z":0.0,"w":1.0}}]}