{"obj":[{"objID":{"instanceID":-1226},"objName":"CompleteTank 2","position":{"x":0.7608214616775513,"y":-0.000012278556823730469,"z":0.8433077335357666},"rotation":{"x":0.0,"y":0.005955909378826618,"z":0.0,"w":0.9999822974205017}},{"objID":{"instanceID":14274},"objName":"CompleteTank 1","position":{"x":-0.7406684756278992,"y":-2.384185791015625e-7,"z":0.8665012121200562},"rotation":{"x":0.0,"y":0.005960863549262285,"z":0.0,"w":0.9999822378158569}},{"objID":{"instanceID":14356},"objName":"Cube","position":{"x":-14.046218872070313,"y":2.4201626777648927,"z":20.608150482177736},"rotation":{"x":0.0,"y":0.0,"z":0.0,"w":1.0}}]}