{"obj":[{"objID":{"instanceID":-1226},"objName":"CompleteTank 2","position":{"x":0.9655550122261047,"y":-0.000016689300537109375,"z":6.0491533279418949},"rotation":{"x":0.0,"y":0.7421094179153442,"z":0.0,"w":-0.6702788472175598}},{"objID":{"instanceID":14274},"objName":"CompleteTank 1","position":{"x":-1.139090657234192,"y":-9.5367431640625e-7,"z":6.361798286437988},"rotation":{"x":0.0,"y":0.7385754585266113,"z":0.0,"w":-0.6741709113121033}},{"objID":{"instanceID":14356},"objName":"Cube","position":{"x":-14.046218872070313,"y":2.4201626777648927,"z":20.608150482177736},"rotation":{"x":0.0,"y":0.0,"z":0.0,"w":1.0}}]}