{"obj":[{"objID":{"instanceID":-1226},"objName":"CompleteTank 2","position":{"x":0.7780587077140808,"y":-0.000013947486877441406,"z":2.290315628051758},"rotation":{"x":0.0,"y":0.005955717992037535,"z":0.0,"w":0.9999822974205017}},{"objID":{"instanceID":14274},"objName":"CompleteTank 1","position":{"x":-0.7234166860580444,"y":-2.384185791015625e-7,"z":2.3135087490081789},"rotation":{"x":0.0,"y":0.005960844457149506,"z":0.0,"w":0.9999822378158569}},{"objID":{"instanceID":14356},"objName":"Cube","position":{"x":-14.046218872070313,"y":2.4201626777648927,"z":20.608150482177736},"rotation":{"x":0.0,"y":0.0,"z":0.0,"w":1.0}}]}