{"obj":[{"objID":{"instanceID":-1226},"objName":"CompleteTank 2","position":{"x":0.872110903263092,"y":-0.000016689300537109375,"z":6.082290172576904},"rotation":{"x":0.0,"y":0.36534467339515688,"z":0.0,"w":0.93087238073349}},{"objID":{"instanceID":14274},"objName":"CompleteTank 1","position":{"x":-0.9753122925758362,"y":-3.5762786865234377e-7,"z":6.339414119720459},"rotation":{"x":0.0,"y":0.3946046531200409,"z":0.0,"w":0.9188510179519653}},{"objID":{"instanceID":14356},"objName":"Cube","position":{"x":-14.046218872070313,"y":2.4201626777648927,"z":20.608150482177736},"rotation":{"x":0.0,"y":0.0,"z":0.0,"w":1.0}}]}