{"obj":[{"objID":{"instanceID":-1226},"objName":"CompleteTank 2","position":{"x":0.793552815914154,"y":-0.000016391277313232422,"z":6.2918853759765629},"rotation":{"x":0.0,"y":0.14189667999744416,"z":0.0,"w":0.9898814558982849}},{"objID":{"instanceID":14274},"objName":"CompleteTank 1","position":{"x":-0.7470040917396545,"y":-4.76837158203125e-7,"z":6.406162261962891},"rotation":{"x":0.0,"y":0.1534288376569748,"z":0.0,"w":0.9881597757339478}},{"objID":{"instanceID":14356},"objName":"Cube","position":{"x":-14.046218872070313,"y":2.4201626777648927,"z":20.608150482177736},"rotation":{"x":0.0,"y":0.0,"z":0.0,"w":1.0}}]}