{"obj":[{"objID":{"instanceID":-1226},"objName":"CompleteTank 2","position":{"x":0.8237790465354919,"y":-0.000016391277313232422,"z":6.1286444664001469},"rotation":{"x":0.0,"y":0.005956122651696205,"z":0.0,"w":0.9999822378158569}},{"objID":{"instanceID":14274},"objName":"CompleteTank 1","position":{"x":-0.677655041217804,"y":-2.384185791015625e-7,"z":6.1518354415893559},"rotation":{"x":0.0,"y":0.005960823968052864,"z":0.0,"w":0.9999822378158569}},{"objID":{"instanceID":14356},"objName":"Cube","position":{"x":-14.046218872070313,"y":2.4201626777648927,"z":20.608150482177736},"rotation":{"x":0.0,"y":0.0,"z":0.0,"w":1.0}}]}