{"obj":[{"objID":{"instanceID":-1226},"objName":"CompleteTank 2","position":{"x":0.9653581380844116,"y":-0.000016391277313232422,"z":6.049135208129883},"rotation":{"x":0.0,"y":0.9317426681518555,"z":0.0,"w":-0.3631192743778229}},{"objID":{"instanceID":14274},"objName":"CompleteTank 1","position":{"x":-1.1387473344802857,"y":-5.960464477539063e-7,"z":6.361843109130859},"rotation":{"x":0.0,"y":0.9298673272132874,"z":0.0,"w":-0.36789506673812868}},{"objID":{"instanceID":14356},"objName":"Cube","position":{"x":-14.046218872070313,"y":2.4201626777648927,"z":20.608150482177736},"rotation":{"x":0.0,"y":0.0,"z":0.0,"w":1.0}}]}