{"obj":[{"objID":{"instanceID":-1226},"objName":"CompleteTank 2","position":{"x":0.7812511324882507,"y":-0.000016629695892333984,"z":6.311932563781738},"rotation":{"x":0.0,"y":0.026036910712718965,"z":0.0,"w":0.9996610283851624}},{"objID":{"instanceID":14274},"objName":"CompleteTank 1","position":{"x":-0.7199692726135254,"y":-1.7881393432617188e-7,"z":6.413125991821289},"rotation":{"x":0.0,"y":0.03244074434041977,"z":0.0,"w":0.9994736313819885}},{"objID":{"instanceID":14356},"objName":"Cube","position":{"x":-14.046218872070313,"y":2.4201626777648927,"z":20.608150482177736},"rotation":{"x":0.0,"y":0.0,"z":0.0,"w":1.0}}]}