{"obj":[{"objID":{"instanceID":-1226},"objName":"CompleteTank 2","position":{"x":0.7926194071769714,"y":-0.00001633167266845703,"z":6.311025619506836},"rotation":{"x":0.0,"y":0.01985524781048298,"z":0.0,"w":0.999802827835083}},{"objID":{"instanceID":14274},"objName":"CompleteTank 1","position":{"x":-0.7002517580986023,"y":-4.172325134277344e-7,"z":6.390618324279785},"rotation":{"x":0.0,"y":0.022575275972485544,"z":0.0,"w":0.9997451901435852}},{"objID":{"instanceID":14356},"objName":"Cube","position":{"x":-14.046218872070313,"y":2.4201626777648927,"z":20.608150482177736},"rotation":{"x":0.0,"y":0.0,"z":0.0,"w":1.0}}]}