{"obj":[{"objID":{"instanceID":-1226},"objName":"CompleteTank 2","position":{"x":0.8065431118011475,"y":-0.00001633167266845703,"z":4.681563854217529},"rotation":{"x":0.0,"y":0.005955318454653025,"z":0.0,"w":0.9999822974205017}},{"objID":{"instanceID":14274},"objName":"CompleteTank 1","position":{"x":-0.694907546043396,"y":-2.384185791015625e-7,"z":4.704755783081055},"rotation":{"x":0.0,"y":0.0059608230367302898,"z":0.0,"w":0.9999822378158569}},{"objID":{"instanceID":14356},"objName":"Cube","position":{"x":-14.046218872070313,"y":2.4201626777648927,"z":20.608150482177736},"rotation":{"x":0.0,"y":0.0,"z":0.0,"w":1.0}}]}