{"obj":[{"objID":{"instanceID":-1226},"objName":"CompleteTank 2","position":{"x":0.7856610417366028,"y":-0.000016510486602783203,"z":6.309333801269531},"rotation":{"x":0.0,"y":0.10849282890558243,"z":0.0,"w":0.9940972328186035}},{"objID":{"instanceID":14274},"objName":"CompleteTank 1","position":{"x":-0.7331863641738892,"y":-3.5762786865234377e-7,"z":6.411285400390625},"rotation":{"x":0.0,"y":0.11561056226491928,"z":0.0,"w":0.9932946562767029}},{"objID":{"instanceID":14356},"objName":"Cube","position":{"x":-14.046218872070313,"y":2.4201626777648927,"z":20.608150482177736},"rotation":{"x":0.0,"y":0.0,"z":0.0,"w":1.0}}]}