{"obj":[{"objID":{"instanceID":-1226},"objName":"CompleteTank 2","position":{"x":0.7866348028182983,"y":-0.000014662742614746094,"z":3.0102648735046388},"rotation":{"x":0.0,"y":0.005955612752586603,"z":0.0,"w":0.9999822974205017}},{"objID":{"instanceID":14274},"objName":"CompleteTank 1","position":{"x":-0.7148332595825195,"y":-2.384185791015625e-7,"z":3.0334572792053224},"rotation":{"x":0.0,"y":0.005960836075246334,"z":0.0,"w":0.9999822378158569}},{"objID":{"instanceID":14356},"objName":"Cube","position":{"x":-14.046218872070313,"y":2.4201626777648927,"z":20.608150482177736},"rotation":{"x":0.0,"y":0.0,"z":0.0,"w":1.0}}]}