{"obj":[{"objID":{"instanceID":-1226},"objName":"CompleteTank 2","position":{"x":0.782282292842865,"y":-0.000016629695892333984,"z":6.310186386108398},"rotation":{"x":0.0,"y":0.06265655159950257,"z":0.0,"w":0.998035192489624}},{"objID":{"instanceID":14274},"objName":"CompleteTank 1","position":{"x":-0.7289443016052246,"y":-2.384185791015625e-7,"z":6.410404682159424},"rotation":{"x":0.0,"y":0.07222776859998703,"z":0.0,"w":0.9973881840705872}},{"objID":{"instanceID":14356},"objName":"Cube","position":{"x":-14.046218872070313,"y":2.4201626777648927,"z":20.608150482177736},"rotation":{"x":0.0,"y":0.0,"z":0.0,"w":1.0}}]}