{"obj":[{"objID":{"instanceID":-1226},"objName":"CompleteTank 2","position":{"x":0.8584495782852173,"y":-0.000016629695892333984,"z":6.094758987426758},"rotation":{"x":0.0,"y":0.34264248609542849,"z":0.0,"w":0.9394659399986267}},{"objID":{"instanceID":14274},"objName":"CompleteTank 1","position":{"x":-0.9432423710823059,"y":-4.76837158203125e-7,"z":6.340847015380859},"rotation":{"x":0.0,"y":0.3765532374382019,"z":0.0,"w":0.926395058631897}},{"objID":{"instanceID":14356},"objName":"Cube","position":{"x":-14.046218872070313,"y":2.4201626777648927,"z":20.608150482177736},"rotation":{"x":0.0,"y":0.0,"z":0.0,"w":1.0}}]}