{"obj":[{"objID":{"instanceID":-1226},"objName":"CompleteTank 2","position":{"x":0.9613367319107056,"y":-0.000016689300537109375,"z":6.050607681274414},"rotation":{"x":0.0,"y":0.5832387208938599,"z":0.0,"w":0.8123008608818054}},{"objID":{"instanceID":14274},"objName":"CompleteTank 1","position":{"x":-1.1346595287322999,"y":-1.1920928955078126e-7,"z":6.36060094833374},"rotation":{"x":0.0,"y":0.5880142450332642,"z":0.0,"w":0.8088505268096924}},{"objID":{"instanceID":14356},"objName":"Cube","position":{"x":-14.046218872070313,"y":2.4201626777648927,"z":20.608150482177736},"rotation":{"x":0.0,"y":0.0,"z":0.0,"w":1.0}}]}