{"obj":[{"objID":{"instanceID":-1226},"objName":"CompleteTank 2","position":{"x":0.961336612701416,"y":-0.00001633167266845703,"z":6.050607681274414},"rotation":{"x":0.0,"y":0.557435929775238,"z":0.0,"w":0.8302199244499207}},{"objID":{"instanceID":14274},"objName":"CompleteTank 1","position":{"x":-1.134653925895691,"y":-2.384185791015625e-7,"z":6.360605716705322},"rotation":{"x":0.0,"y":0.5623185038566589,"z":0.0,"w":0.826920747756958}},{"objID":{"instanceID":14356},"objName":"Cube","position":{"x":-14.046218872070313,"y":2.4201626777648927,"z":20.608150482177736},"rotation":{"x":0.0,"y":0.0,"z":0.0,"w":1.0}}]}