{"obj":[{"objID":{"instanceID":-1226},"objName":"CompleteTank 2","position":{"x":0.9653581380844116,"y":-0.000016629695892333984,"z":6.049135208129883},"rotation":{"x":0.0,"y":0.9983500242233276,"z":0.0,"w":-0.05742263048887253}},{"objID":{"instanceID":14274},"objName":"CompleteTank 1","position":{"x":-1.1387473344802857,"y":-5.364418029785156e-7,"z":6.361843109130859},"rotation":{"x":0.0,"y":0.9980422854423523,"z":0.0,"w":-0.06254424154758454}},{"objID":{"instanceID":14356},"objName":"Cube","position":{"x":-14.046218872070313,"y":2.4201626777648927,"z":20.608150482177736},"rotation":{"x":0.0,"y":0.0,"z":0.0,"w":1.0}}]}