{"obj":[{"objID":{"instanceID":-1226},"objName":"CompleteTank 2","position":{"x":0.9613369703292847,"y":-0.000016450881958007813,"z":6.050607681274414},"rotation":{"x":0.0,"y":0.8884462118148804,"z":0.0,"w":0.4589807987213135}},{"objID":{"instanceID":14274},"objName":"CompleteTank 1","position":{"x":-1.1346590518951417,"y":-1.1920928955078126e-7,"z":6.36060094833374},"rotation":{"x":0.0,"y":0.8911347389221191,"z":0.0,"w":0.4537387490272522}},{"objID":{"instanceID":14356},"objName":"Cube","position":{"x":-14.046218872070313,"y":2.4201626777648927,"z":20.608150482177736},"rotation":{"x":0.0,"y":0.0,"z":0.0,"w":1.0}}]}