{"obj":[{"objID":{"instanceID":-1226},"objName":"CompleteTank 2","position":{"x":0.7696444392204285,"y":-0.000013232231140136719,"z":1.5839664936065674},"rotation":{"x":0.0,"y":0.005955816712230444,"z":0.0,"w":0.9999822974205017}},{"objID":{"instanceID":14274},"objName":"CompleteTank 1","position":{"x":-0.731838047504425,"y":-2.384185791015625e-7,"z":1.6071598529815674},"rotation":{"x":0.0,"y":0.005960844457149506,"z":0.0,"w":0.9999822378158569}},{"objID":{"instanceID":14356},"objName":"Cube","position":{"x":-14.046218872070313,"y":2.4201626777648927,"z":20.608150482177736},"rotation":{"x":0.0,"y":0.0,"z":0.0,"w":1.0}}]}