{"obj":[{"objID":{"instanceID":-1226},"objName":"CompleteTank 2","position":{"x":0.5999963283538818,"y":0.0,"z":-0.000023130429326556623},"rotation":{"x":0.0,"y":-0.000011337244359310716,"z":0.0,"w":1.0}},{"objID":{"instanceID":14274},"objName":"CompleteTank 1","position":{"x":-0.5999963283538818,"y":0.0,"z":0.000023130429326556623},"rotation":{"x":0.0,"y":0.000011337244359310716,"z":0.0,"w":1.0}},{"objID":{"instanceID":14356},"objName":"Cube","position":{"x":-14.046218872070313,"y":2.4201626777648927,"z":20.608150482177736},"rotation":{"x":0.0,"y":0.0,"z":0.0,"w":1.0}}]}