{"obj":[{"objID":{"instanceID":-1226},"objName":"CompleteTank 2","position":{"x":0.8037179708480835,"y":-0.00001633167266845703,"z":6.246626853942871},"rotation":{"x":0.0,"y":0.17660671472549439,"z":0.0,"w":0.9842814803123474}},{"objID":{"instanceID":14274},"objName":"CompleteTank 1","position":{"x":-0.7708808779716492,"y":-5.364418029785156e-7,"z":6.395780563354492},"rotation":{"x":0.0,"y":0.20029528439044953,"z":0.0,"w":0.9797356724739075}},{"objID":{"instanceID":14356},"objName":"Cube","position":{"x":-14.046218872070313,"y":2.4201626777648927,"z":20.608150482177736},"rotation":{"x":0.0,"y":0.0,"z":0.0,"w":1.0}}]}