{"obj":[{"objID":{"instanceID":-1226},"objName":"CompleteTank 2","position":{"x":0.7518291473388672,"y":-0.000010609626770019531,"z":0.08842665702104569},"rotation":{"x":0.0,"y":0.005956204142421484,"z":0.0,"w":0.9999822974205017}},{"objID":{"instanceID":14274},"objName":"CompleteTank 1","position":{"x":-0.7496684193611145,"y":-2.384185791015625e-7,"z":0.11162060499191284},"rotation":{"x":0.0,"y":0.0059608654119074348,"z":0.0,"w":0.9999822378158569}},{"objID":{"instanceID":14356},"objName":"Cube","position":{"x":-14.046218872070313,"y":2.4201626777648927,"z":20.608150482177736},"rotation":{"x":0.0,"y":0.0,"z":0.0,"w":1.0}}]}