{"obj":[{"objID":{"instanceID":-1226},"objName":"CompleteTank 2","position":{"x":0.9610847234725952,"y":-0.000016629695892333984,"z":6.0506720542907719},"rotation":{"x":0.0,"y":0.476773738861084,"z":0.0,"w":0.8790261149406433}},{"objID":{"instanceID":14274},"objName":"CompleteTank 1","position":{"x":-1.1260349750518799,"y":-2.980232238769531e-7,"z":6.359076499938965},"rotation":{"x":0.0,"y":0.48486995697021487,"z":0.0,"w":0.874586284160614}},{"objID":{"instanceID":14356},"objName":"Cube","position":{"x":-14.046218872070313,"y":2.4201626777648927,"z":20.608150482177736},"rotation":{"x":0.0,"y":0.0,"z":0.0,"w":1.0}}]}